Site Code,Project,Name,Region,Type,Region,Year,mm,dd,ID,area,num_cells,num_outputs,SAL Surf,TEMP Surf,WQ_DIAG_TOT_TN Surf,WQ_DIAG_TOT_TP Surf,WQ_NIT_AMM Surf,WQ_NIT_NIT Surf,WQ_PHS_FRP Surf,WQ_TRC_AGE Surf,WQ_OXY_OXY Surf,WQ_PHY_GRN Surf,WQ_PHY_BGA Surf,WQ_PHY_CRYPT Surf,WQ_PHY_DIATOM Surf,WQ_PHY_DINO Surf,WQ_PHY_DIATOM Surf,WQ_DIAG_MAC_GPP Surf,WQ_DIAG_NCS_D_TAUB Surf,WQ_DIAG_OXY_ATM_OXY_FLUX Surf,WQ_DIAG_OXY_SAT Surf,WQ_DIAG_MAC_MAC Surf,WQ_DIAG_OXY_SED_OXY Surf,WQ_DIAG_PHY_GPP Surf,WQ_DIAG_PHY_NCP Surf,WQ_DIAG_PHY_TPHYS Surf,WQ_DIAG_PHY_MPB Surf,WQ_DIAG_PHY_BPP Surf,WQ_DIAG_TOT_TSS Surf,WQ_DIAG_TOT_TURBIDITY Surf,WQ_DIAG_TOT_LIGHT Surf,WQ_DIAG_TOT_PAR Surf,
NS_LH,Prawns,Leach Highway (Upper Canning; 9),Nearshore,Nearshore,Nearshore,2007,04,01,NS_LH,402291.4950,136.0000,,35.65773,35.68861,21.51290,21.16866,0.54910,0.55243,0.03960,0.03767,0.00704,0.00708,0.00009,0.00002,0.00728,0.00541,16.44763,16.44348,4.62978,4.61737,0.49377,0.46546,0.20001,0.20000,2.74770,2.72131,5.74842,5.27438,1.17323,1.24899,5.74842,5.27438,0.00000,0.00000,0.00000,0.00181,0.00000,16.80208,64.80591,64.23045,0.00000,0.00000,0.00000,-1.03451,-1.60906,-0.35644,-2.48198,-1.10381,43.15699,41.13913,0.00000,412.37781,0.00000,36.11892,4.31127,4.24329,1.31672,1.29778,223.91091,122.64027,100.75991,55.18812,
NS_LH,Prawns,Leach Highway (Upper Canning; 9),Nearshore,Nearshore,Nearshore,2007,05,01,NS_LH,402291.4950,136.0000,,34.01483,34.01490,16.57092,16.51132,0.56400,0.56265,0.05403,0.05366,0.01639,0.01544,0.00039,0.00032,0.02001,0.01969,44.47012,44.47443,3.79200,3.75478,0.51237,0.50893,0.20002,0.20001,12.11218,12.14269,8.30337,8.20528,0.57785,0.57989,8.30337,8.20528,0.00000,0.00000,0.00000,0.00173,0.00000,66.75659,47.92363,47.39489,0.00000,0.00000,0.00000,-0.66022,-3.92907,-2.72766,-4.96564,-3.75736,90.43570,89.91433,0.00000,566.68131,0.00000,23.96980,3.41473,3.40426,0.95934,0.95685,153.07724,87.62916,68.88476,39.43312,
NS_LH,Prawns,Leach Highway (Upper Canning; 9),Nearshore,Nearshore,Nearshore,2007,06,01,NS_LH,402291.4950,136.0000,,32.57314,32.67099,11.89136,11.90417,0.59670,0.59100,0.07712,0.07506,0.01289,0.01356,0.00041,0.00041,0.03954,0.03849,71.05065,71.04654,2.98513,2.89451,0.20727,0.20550,0.20000,0.20001,32.17636,30.13898,2.10880,2.15916,0.35855,0.35584,2.10880,2.15916,0.00000,0.00000,0.00000,0.00272,0.00000,4.89356,33.96383,32.94955,0.00000,0.00000,0.00000,-0.40707,-2.96713,-1.75152,-4.21433,-2.91975,146.04253,137.61825,0.00000,484.21894,0.00000,17.65774,2.79103,2.76961,0.68166,0.68657,134.95441,80.27192,60.72948,36.12236,
NS_LH,Prawns,Leach Highway (Upper Canning; 9),Nearshore,Nearshore,Nearshore,2007,07,01,NS_LH,402291.4950,136.0000,,31.69189,31.88765,12.84547,12.63213,0.54250,0.54070,0.06870,0.06743,0.00789,0.01031,0.00015,0.00003,0.03996,0.03942,92.52624,92.63034,5.04786,4.71776,0.20327,0.20108,0.20000,0.20000,20.74369,19.47161,0.78920,0.78942,0.20274,0.20246,0.78920,0.78942,0.00000,0.00000,0.00000,0.00366,0.00000,16.11757,58.27001,54.29569,0.00000,0.00000,0.00000,-0.54063,-1.34955,-0.89489,-2.18298,-1.69354,92.24522,86.88484,0.00000,486.06430,0.00000,17.52750,2.25495,2.24610,0.57966,0.58448,115.48909,75.52658,51.97009,33.98696,
NS_LH,Prawns,Leach Highway (Upper Canning; 9),Nearshore,Nearshore,Nearshore,2007,08,01,NS_LH,402291.4950,136.0000,,26.98201,27.02276,13.34033,13.32449,0.47630,0.47591,0.06116,0.06132,0.00848,0.00805,0.00023,0.00007,0.03800,0.03810,100.52474,100.84395,6.91640,6.84177,0.21348,0.20997,0.19999,0.20000,16.86927,16.98511,0.28859,0.27986,0.20330,0.20330,0.28859,0.27986,0.00000,0.00000,0.00000,0.00301,0.00000,37.03461,78.35325,77.49644,0.00000,0.00000,0.00000,-0.65221,-1.08864,-0.64782,-1.77004,-1.36240,74.05959,74.45187,0.00000,460.72320,0.00000,19.34101,1.93439,1.91637,0.50226,0.49617,119.70108,82.67494,53.86549,37.20372,
NS_LH,Prawns,Leach Highway (Upper Canning; 9),Nearshore,Nearshore,Nearshore,2007,09,01,NS_LH,402291.4950,136.0000,,17.84704,17.88751,12.72276,12.55645,0.53305,0.52830,0.05469,0.05294,0.00646,0.00498,0.00004,0.00001,0.02561,0.02434,89.51777,89.87745,6.63974,6.65894,0.40091,0.37570,0.20001,0.20000,22.98133,22.78135,0.21127,0.20562,0.22333,0.23529,0.21127,0.20562,0.00000,0.00000,0.00000,0.00178,0.00000,6.70457,70.14247,70.10497,0.00000,0.00000,0.00000,-0.60997,-1.40362,-0.29053,-2.30082,-1.15287,100.06477,99.09979,0.00000,436.59581,0.00000,21.18266,5.23211,5.11855,1.52379,1.48901,183.06348,101.49482,82.37856,45.67267,
NS_LH,Prawns,Leach Highway (Upper Canning; 9),Nearshore,Nearshore,Nearshore,2007,10,01,NS_LH,402291.4950,136.0000,,16.17901,16.16883,16.58967,16.41751,0.50701,0.50462,0.02890,0.02811,0.01037,0.00902,0.00006,0.00003,0.00782,0.00709,102.18489,102.30446,6.14812,6.13519,0.21156,0.20948,0.20002,0.20001,17.92381,17.94879,0.21189,0.20860,0.22165,0.23044,0.21189,0.20860,0.00000,0.00000,0.00000,0.00367,0.00000,11.47692,69.75658,69.36357,0.00000,0.00000,0.00000,-0.79982,-2.45524,-1.31692,-3.38492,-2.23411,78.19731,78.27862,0.00000,621.11618,0.00000,28.19240,3.61583,3.59009,1.02872,1.02060,193.71428,130.11823,87.17143,58.55320,
NS_LH,Prawns,Leach Highway (Upper Canning; 9),Nearshore,Nearshore,Nearshore,2007,11,01,NS_LH,402291.4950,136.0000,,18.23665,18.50298,17.85675,18.17421,0.49603,0.48945,0.03496,0.03342,0.00776,0.00811,0.00007,0.00002,0.01038,0.00935,102.63734,100.96825,5.86078,5.70763,0.21653,0.21403,0.20001,0.20001,29.54366,28.59991,0.26123,0.25869,0.23504,0.26277,0.26123,0.25869,0.00000,0.00000,0.00000,0.00316,0.00000,10.86965,69.02877,67.68798,0.00000,0.00000,0.00000,-0.89208,-3.88638,-2.46592,-5.56209,-4.11478,126.89551,123.00092,0.00000,690.97434,0.00000,37.12702,3.06076,3.05199,0.78398,0.78713,313.61360,201.86406,141.12612,90.83883,
NS_LH,Prawns,Leach Highway (Upper Canning; 9),Nearshore,Nearshore,Nearshore,2007,12,01,NS_LH,402291.4950,136.0000,,24.83663,24.87774,29.18454,29.26315,0.50325,0.50090,0.06381,0.06344,0.01036,0.01070,0.00010,0.00009,0.03291,0.03273,96.32162,96.05374,3.84356,3.79370,0.23113,0.23093,0.20002,0.20001,36.82946,36.61412,0.49455,0.49632,0.20989,0.21265,0.49455,0.49632,0.00000,0.00000,0.00000,0.00222,0.00000,59.52970,57.65919,56.98274,0.00000,0.00000,0.00000,-1.76208,-8.67156,-6.78408,-13.75850,-11.85466,158.18276,157.22609,0.00000,734.27082,0.00000,54.93532,2.70750,2.69791,0.62372,0.62293,281.03858,164.58659,126.46736,74.06396,
NS_LH,Prawns,Leach Highway (Upper Canning; 9),Nearshore,Nearshore,Nearshore,2008,01,01,NS_LH,402291.4950,136.0000,,27.88502,27.93755,30.12587,30.10144,0.53375,0.52628,0.07394,0.07166,0.01190,0.01087,0.00013,0.00007,0.03949,0.03770,106.43301,105.86454,3.72324,3.65221,0.21105,0.20713,0.20003,0.20001,36.15306,35.49073,0.41721,0.41014,0.20559,0.21999,0.41721,0.41014,0.00000,0.00000,0.00000,0.00150,0.00000,25.65145,57.80908,56.66713,0.00000,0.00000,0.00000,-1.86363,-10.97452,-7.21924,-16.42457,-12.52916,154.94274,152.11901,0.00000,748.12865,0.00000,64.26353,2.53214,2.51051,0.57035,0.56927,390.28303,241.04899,175.62736,108.47205,
NS_LH,Prawns,Leach Highway (Upper Canning; 9),Nearshore,Nearshore,Nearshore,2008,02,01,NS_LH,402291.4950,136.0000,,30.88214,30.87674,31.44369,31.44202,0.64981,0.64839,0.12969,0.12942,0.06901,0.06820,0.00202,0.00189,0.08859,0.08835,112.43158,112.46914,2.39581,2.40004,0.23952,0.23899,0.20003,0.20002,31.33410,31.44692,0.67692,0.67428,0.29741,0.29958,0.67692,0.67428,0.00000,0.00000,0.00000,0.00266,0.00000,41.58487,38.54585,38.60528,0.00000,0.00000,0.00000,-1.65578,-16.38477,-13.18010,-21.63996,-18.44011,136.44273,136.83474,0.00000,740.05356,0.00000,63.34691,2.32276,2.32075,0.52869,0.52843,318.08304,201.23601,143.13737,90.55620,
NS_LH,Prawns,Leach Highway (Upper Canning; 9),Nearshore,Nearshore,Nearshore,2008,03,01,NS_LH,402291.4950,136.0000,,31.96015,32.01601,27.45456,27.39311,0.56032,0.56009,0.12764,0.12716,0.01015,0.01738,0.00034,0.00127,0.08515,0.08534,105.85039,105.30310,3.98459,3.60066,0.24841,0.24171,0.20001,0.20001,35.21645,34.38672,0.93115,0.89715,0.24719,0.26278,0.93115,0.89715,0.00000,0.00000,0.00000,0.00167,0.00000,17.78250,60.54705,54.66925,0.00000,0.00000,0.00000,-1.48046,-10.70113,-5.25658,-15.17950,-9.52190,153.50967,149.86657,0.00000,726.57731,0.00000,51.13225,2.12049,2.08591,0.44751,0.44391,304.39252,188.72368,136.97664,84.92566,
NS_LH,Prawns,Leach Highway (Upper Canning; 9),Nearshore,Nearshore,Nearshore,2008,04,01,NS_LH,402291.4950,136.0000,,30.92746,32.92835,20.01174,22.18289,0.63600,0.60364,0.14642,0.14589,0.01203,0.03942,0.00083,0.00183,0.09630,0.10110,114.80002,113.39200,4.94193,3.28640,0.25397,0.20769,0.20198,0.20018,36.32990,32.88212,0.54135,0.58983,0.47359,0.28487,0.54135,0.58983,0.00000,0.00000,0.00000,0.00209,0.00000,23.94664,65.41729,45.69247,0.00000,0.00000,0.00000,-0.93998,-3.67416,-2.86224,-6.18090,-5.58699,157.50315,142.27550,0.00000,683.01553,0.00000,9.40830,2.42685,2.00133,0.51425,0.42698,33.79426,21.40450,15.20742,9.63202,
NS_LH,Prawns,Leach Highway (Upper Canning; 9),Nearshore,Nearshore,Nearshore,2008,05,01,NS_LH,402291.4950,136.0000,,NS_LH,Prawns,Leach Highway (Upper Canning; 9),Nearshore,Nearshore,Nearshore,2008,06,01,NS_LH,402291.4950,136.0000,,NS_LH,Prawns,Leach Highway (Upper Canning; 9),Nearshore,Nearshore,Nearshore,2008,07,01,NS_LH,402291.4950,136.0000,,NS_LH,Prawns,Leach Highway (Upper Canning; 9),Nearshore,Nearshore,Nearshore,2008,08,01,NS_LH,402291.4950,136.0000,,NS_LH,Prawns,Leach Highway (Upper Canning; 9),Nearshore,Nearshore,Nearshore,2008,09,01,NS_LH,402291.4950,136.0000,,NS_LH,Prawns,Leach Highway (Upper Canning; 9),Nearshore,Nearshore,Nearshore,2008,10,01,NS_LH,402291.4950,136.0000,,NS_LH,Prawns,Leach Highway (Upper Canning; 9),Nearshore,Nearshore,Nearshore,2008,11,01,NS_LH,402291.4950,136.0000,,NS_LH,Prawns,Leach Highway (Upper Canning; 9),Nearshore,Nearshore,Nearshore,2008,12,01,NS_LH,402291.4950,136.0000,,NS_LH,Prawns,Leach Highway (Upper Canning; 9),Nearshore,Nearshore,Nearshore,2009,01,01,NS_LH,402291.4950,136.0000,,NS_LH,Prawns,Leach Highway (Upper Canning; 9),Nearshore,Nearshore,Nearshore,2009,02,01,NS_LH,402291.4950,136.0000,,NS_LH,Prawns,Leach Highway (Upper Canning; 9),Nearshore,Nearshore,Nearshore,2009,03,01,NS_LH,402291.4950,136.0000,,NS_LH,Prawns,Leach Highway (Upper Canning; 9),Nearshore,Nearshore,Nearshore,2009,04,01,NS_LH,402291.4950,136.0000,,NS_LH,Prawns,Leach Highway (Upper Canning; 9),Nearshore,Nearshore,Nearshore,2009,05,01,NS_LH,402291.4950,136.0000,,NS_LH,Prawns,Leach Highway (Upper Canning; 9),Nearshore,Nearshore,Nearshore,2009,06,01,NS_LH,402291.4950,136.0000,,NS_LH,Prawns,Leach Highway (Upper Canning; 9),Nearshore,Nearshore,Nearshore,2009,07,01,NS_LH,402291.4950,136.0000,,NS_LH,Prawns,Leach Highway (Upper Canning; 9),Nearshore,Nearshore,Nearshore,2009,08,01,NS_LH,402291.4950,136.0000,,NS_LH,Prawns,Leach Highway (Upper Canning; 9),Nearshore,Nearshore,Nearshore,2009,09,01,NS_LH,402291.4950,136.0000,,NS_LH,Prawns,Leach Highway (Upper Canning; 9),Nearshore,Nearshore,Nearshore,2009,10,01,NS_LH,402291.4950,136.0000,,NS_LH,Prawns,Leach Highway (Upper Canning; 9),Nearshore,Nearshore,Nearshore,2009,11,01,NS_LH,402291.4950,136.0000,,NS_LH,Prawns,Leach Highway (Upper Canning; 9),Nearshore,Nearshore,Nearshore,2009,12,01,NS_LH,402291.4950,136.0000,,NS_LH,Prawns,Leach Highway (Upper Canning; 9),Nearshore,Nearshore,Nearshore,2010,01,01,NS_LH,402291.4950,136.0000,,NS_LH,Prawns,Leach Highway (Upper Canning; 9),Nearshore,Nearshore,Nearshore,2010,02,01,NS_LH,402291.4950,136.0000,,NS_LH,Prawns,Leach Highway (Upper Canning; 9),Nearshore,Nearshore,Nearshore,2010,03,01,NS_LH,402291.4950,136.0000,,NS_LH,Prawns,Leach Highway (Upper Canning; 9),Nearshore,Nearshore,Nearshore,2010,04,01,NS_LH,402291.4950,136.0000,,NS_LH,Prawns,Leach Highway (Upper Canning; 9),Nearshore,Nearshore,Nearshore,2010,05,01,NS_LH,402291.4950,136.0000,,NS_LH,Prawns,Leach Highway (Upper Canning; 9),Nearshore,Nearshore,Nearshore,2010,06,01,NS_LH,402291.4950,136.0000,,NS_LH,Prawns,Leach Highway (Upper Canning; 9),Nearshore,Nearshore,Nearshore,2010,07,01,NS_LH,402291.4950,136.0000,,NS_LH,Prawns,Leach Highway (Upper Canning; 9),Nearshore,Nearshore,Nearshore,2010,08,01,NS_LH,402291.4950,136.0000,,NS_LH,Prawns,Leach Highway (Upper Canning; 9),Nearshore,Nearshore,Nearshore,2010,09,01,NS_LH,402291.4950,136.0000,,NS_LH,Prawns,Leach Highway (Upper Canning; 9),Nearshore,Nearshore,Nearshore,2010,10,01,NS_LH,402291.4950,136.0000,,NS_LH,Prawns,Leach Highway (Upper Canning; 9),Nearshore,Nearshore,Nearshore,2010,11,01,NS_LH,402291.4950,136.0000,,NS_LH,Prawns,Leach Highway (Upper Canning; 9),Nearshore,Nearshore,Nearshore,2010,12,01,NS_LH,402291.4950,136.0000,,NS_LH,Prawns,Leach Highway (Upper Canning; 9),Nearshore,Nearshore,Nearshore,2011,01,01,NS_LH,402291.4950,136.0000,,NS_LH,Prawns,Leach Highway (Upper Canning; 9),Nearshore,Nearshore,Nearshore,2011,02,01,NS_LH,402291.4950,136.0000,,NS_LH,Prawns,Leach Highway (Upper Canning; 9),Nearshore,Nearshore,Nearshore,2011,03,01,NS_LH,402291.4950,136.0000,,NS_LH,Prawns,Leach Highway (Upper Canning; 9),Nearshore,Nearshore,Nearshore,2011,04,01,NS_LH,402291.4950,136.0000,,NS_LH,Prawns,Leach Highway (Upper Canning; 9),Nearshore,Nearshore,Nearshore,2011,05,01,NS_LH,402291.4950,136.0000,,NS_LH,Prawns,Leach Highway (Upper Canning; 9),Nearshore,Nearshore,Nearshore,2011,06,01,NS_LH,402291.4950,136.0000,,NS_LH,Prawns,Leach Highway (Upper Canning; 9),Nearshore,Nearshore,Nearshore,2011,07,01,NS_LH,402291.4950,136.0000,,NS_LH,Prawns,Leach Highway (Upper Canning; 9),Nearshore,Nearshore,Nearshore,2011,08,01,NS_LH,402291.4950,136.0000,,NS_LH,Prawns,Leach Highway (Upper Canning; 9),Nearshore,Nearshore,Nearshore,2011,09,01,NS_LH,402291.4950,136.0000,,NS_LH,Prawns,Leach Highway (Upper Canning; 9),Nearshore,Nearshore,Nearshore,2011,10,01,NS_LH,402291.4950,136.0000,,NS_LH,Prawns,Leach Highway (Upper Canning; 9),Nearshore,Nearshore,Nearshore,2011,11,01,NS_LH,402291.4950,136.0000,,NS_LH,Prawns,Leach Highway (Upper Canning; 9),Nearshore,Nearshore,Nearshore,2011,12,01,NS_LH,402291.4950,136.0000,,NS_LH,Prawns,Leach Highway (Upper Canning; 9),Nearshore,Nearshore,Nearshore,2012,01,01,NS_LH,402291.4950,136.0000,,NS_LH,Prawns,Leach Highway (Upper Canning; 9),Nearshore,Nearshore,Nearshore,2012,02,01,NS_LH,402291.4950,136.0000,,NS_LH,Prawns,Leach Highway (Upper Canning; 9),Nearshore,Nearshore,Nearshore,2012,03,01,NS_LH,402291.4950,136.0000,,NS_LH,Prawns,Leach Highway (Upper Canning; 9),Nearshore,Nearshore,Nearshore,2012,04,01,NS_LH,402291.4950,136.0000,,NS_LH,Prawns,Leach Highway (Upper Canning; 9),Nearshore,Nearshore,Nearshore,2012,05,01,NS_LH,402291.4950,136.0000,,NS_LH,Prawns,Leach Highway (Upper Canning; 9),Nearshore,Nearshore,Nearshore,2012,06,01,NS_LH,402291.4950,136.0000,,NS_LH,Prawns,Leach Highway (Upper Canning; 9),Nearshore,Nearshore,Nearshore,2012,07,01,NS_LH,402291.4950,136.0000,,NS_LH,Prawns,Leach Highway (Upper Canning; 9),Nearshore,Nearshore,Nearshore,2012,08,01,NS_LH,402291.4950,136.0000,,NS_LH,Prawns,Leach Highway (Upper Canning; 9),Nearshore,Nearshore,Nearshore,2012,09,01,NS_LH,402291.4950,136.0000,,NS_LH,Prawns,Leach Highway (Upper Canning; 9),Nearshore,Nearshore,Nearshore,2012,10,01,NS_LH,402291.4950,136.0000,,NS_LH,Prawns,Leach Highway (Upper Canning; 9),Nearshore,Nearshore,Nearshore,2012,11,01,NS_LH,402291.4950,136.0000,,NS_LH,Prawns,Leach Highway (Upper Canning; 9),Nearshore,Nearshore,Nearshore,2012,12,01,NS_LH,402291.4950,136.0000,,NS_LH,Prawns,Leach Highway (Upper Canning; 9),Nearshore,Nearshore,Nearshore,2013,01,01,NS_LH,402291.4950,136.0000,,NS_LH,Prawns,Leach Highway (Upper Canning; 9),Nearshore,Nearshore,Nearshore,2013,02,01,NS_LH,402291.4950,136.0000,,NS_LH,Prawns,Leach Highway (Upper Canning; 9),Nearshore,Nearshore,Nearshore,2013,03,01,NS_LH,402291.4950,136.0000,,NS_LH,Prawns,Leach Highway (Upper Canning; 9),Nearshore,Nearshore,Nearshore,2013,04,01,NS_LH,402291.4950,136.0000,,NS_LH,Prawns,Leach Highway (Upper Canning; 9),Nearshore,Nearshore,Nearshore,2013,05,01,NS_LH,402291.4950,136.0000,,NS_LH,Prawns,Leach Highway (Upper Canning; 9),Nearshore,Nearshore,Nearshore,2013,06,01,NS_LH,402291.4950,136.0000,,NS_LH,Prawns,Leach Highway (Upper Canning; 9),Nearshore,Nearshore,Nearshore,2013,07,01,NS_LH,402291.4950,136.0000,,NS_LH,Prawns,Leach Highway (Upper Canning; 9),Nearshore,Nearshore,Nearshore,2013,08,01,NS_LH,402291.4950,136.0000,,NS_LH,Prawns,Leach Highway (Upper Canning; 9),Nearshore,Nearshore,Nearshore,2013,09,01,NS_LH,402291.4950,136.0000,,NS_LH,Prawns,Leach Highway (Upper Canning; 9),Nearshore,Nearshore,Nearshore,2013,10,01,NS_LH,402291.4950,136.0000,,NS_LH,Prawns,Leach Highway (Upper Canning; 9),Nearshore,Nearshore,Nearshore,2013,11,01,NS_LH,402291.4950,136.0000,,NS_LH,Prawns,Leach Highway (Upper Canning; 9),Nearshore,Nearshore,Nearshore,2013,12,01,NS_LH,402291.4950,136.0000,,NS_LH,Prawns,Leach Highway (Upper Canning; 9),Nearshore,Nearshore,Nearshore,2014,01,01,NS_LH,402291.4950,136.0000,,NS_LH,Prawns,Leach Highway (Upper Canning; 9),Nearshore,Nearshore,Nearshore,2014,02,01,NS_LH,402291.4950,136.0000,,NS_LH,Prawns,Leach Highway (Upper Canning; 9),Nearshore,Nearshore,Nearshore,2014,03,01,NS_LH,402291.4950,136.0000,,NS_LH,Prawns,Leach Highway (Upper Canning; 9),Nearshore,Nearshore,Nearshore,2014,04,01,NS_LH,402291.4950,136.0000,,NS_LH,Prawns,Leach Highway (Upper Canning; 9),Nearshore,Nearshore,Nearshore,2014,05,01,NS_LH,402291.4950,136.0000,,NS_LH,Prawns,Leach Highway (Upper Canning; 9),Nearshore,Nearshore,Nearshore,2014,06,01,NS_LH,402291.4950,136.0000,,NS_LH,Prawns,Leach Highway (Upper Canning; 9),Nearshore,Nearshore,Nearshore,2014,07,01,NS_LH,402291.4950,136.0000,,NS_LH,Prawns,Leach Highway (Upper Canning; 9),Nearshore,Nearshore,Nearshore,2014,08,01,NS_LH,402291.4950,136.0000,,NS_LH,Prawns,Leach Highway (Upper Canning; 9),Nearshore,Nearshore,Nearshore,2014,09,01,NS_LH,402291.4950,136.0000,,NS_LH,Prawns,Leach Highway (Upper Canning; 9),Nearshore,Nearshore,Nearshore,2014,10,01,NS_LH,402291.4950,136.0000,,NS_LH,Prawns,Leach Highway (Upper Canning; 9),Nearshore,Nearshore,Nearshore,2014,11,01,NS_LH,402291.4950,136.0000,,NS_LH,Prawns,Leach Highway (Upper Canning; 9),Nearshore,Nearshore,Nearshore,2014,12,01,NS_LH,402291.4950,136.0000,,NS_LH,Prawns,Leach Highway (Upper Canning; 9),Nearshore,Nearshore,Nearshore,2015,01,01,NS_LH,402291.4950,136.0000,,NS_LH,Prawns,Leach Highway (Upper Canning; 9),Nearshore,Nearshore,Nearshore,2015,02,01,NS_LH,402291.4950,136.0000,,NS_LH,Prawns,Leach Highway (Upper Canning; 9),Nearshore,Nearshore,Nearshore,2015,03,01,NS_LH,402291.4950,136.0000,,NS_LH,Prawns,Leach Highway (Upper Canning; 9),Nearshore,Nearshore,Nearshore,2015,04,01,NS_LH,402291.4950,136.0000,,NS_LH,Prawns,Leach Highway (Upper Canning; 9),Nearshore,Nearshore,Nearshore,2015,05,01,NS_LH,402291.4950,136.0000,,NS_LH,Prawns,Leach Highway (Upper Canning; 9),Nearshore,Nearshore,Nearshore,2015,06,01,NS_LH,402291.4950,136.0000,,NS_LH,Prawns,Leach Highway (Upper Canning; 9),Nearshore,Nearshore,Nearshore,2015,07,01,NS_LH,402291.4950,136.0000,,NS_LH,Prawns,Leach Highway (Upper Canning; 9),Nearshore,Nearshore,Nearshore,2015,08,01,NS_LH,402291.4950,136.0000,,NS_LH,Prawns,Leach Highway (Upper Canning; 9),Nearshore,Nearshore,Nearshore,2015,09,01,NS_LH,402291.4950,136.0000,,NS_LH,Prawns,Leach Highway (Upper Canning; 9),Nearshore,Nearshore,Nearshore,2015,10,01,NS_LH,402291.4950,136.0000,,NS_LH,Prawns,Leach Highway (Upper Canning; 9),Nearshore,Nearshore,Nearshore,2015,11,01,NS_LH,402291.4950,136.0000,,NS_LH,Prawns,Leach Highway (Upper Canning; 9),Nearshore,Nearshore,Nearshore,2015,12,01,NS_LH,402291.4950,136.0000,,NS_LH,Prawns,Leach Highway (Upper Canning; 9),Nearshore,Nearshore,Nearshore,2016,01,01,NS_LH,402291.4950,136.0000,,NS_LH,Prawns,Leach Highway (Upper Canning; 9),Nearshore,Nearshore,Nearshore,2016,02,01,NS_LH,402291.4950,136.0000,,NS_LH,Prawns,Leach Highway (Upper Canning; 9),Nearshore,Nearshore,Nearshore,2016,03,01,NS_LH,402291.4950,136.0000,,NS_LH,Prawns,Leach Highway (Upper Canning; 9),Nearshore,Nearshore,Nearshore,2016,04,01,NS_LH,402291.4950,136.0000,,NS_LH,Prawns,Leach Highway (Upper Canning; 9),Nearshore,Nearshore,Nearshore,2016,05,01,NS_LH,402291.4950,136.0000,,NS_LH,Prawns,Leach Highway (Upper Canning; 9),Nearshore,Nearshore,Nearshore,2016,06,01,NS_LH,402291.4950,136.0000,,NS_LH,Prawns,Leach Highway (Upper Canning; 9),Nearshore,Nearshore,Nearshore,2016,07,01,NS_LH,402291.4950,136.0000,,NS_LH,Prawns,Leach Highway (Upper Canning; 9),Nearshore,Nearshore,Nearshore,2016,08,01,NS_LH,402291.4950,136.0000,,NS_LH,Prawns,Leach Highway (Upper Canning; 9),Nearshore,Nearshore,Nearshore,2016,09,01,NS_LH,402291.4950,136.0000,,NS_LH,Prawns,Leach Highway (Upper Canning; 9),Nearshore,Nearshore,Nearshore,2016,10,01,NS_LH,402291.4950,136.0000,,NS_LH,Prawns,Leach Highway (Upper Canning; 9),Nearshore,Nearshore,Nearshore,2016,11,01,NS_LH,402291.4950,136.0000,,NS_LH,Prawns,Leach Highway (Upper Canning; 9),Nearshore,Nearshore,Nearshore,2016,12,01,NS_LH,402291.4950,136.0000,,NS_LH,Prawns,Leach Highway (Upper Canning; 9),Nearshore,Nearshore,Nearshore,2017,01,01,NS_LH,402291.4950,136.0000,,NS_LH,Prawns,Leach Highway (Upper Canning; 9),Nearshore,Nearshore,Nearshore,2017,02,01,NS_LH,402291.4950,136.0000,,NS_LH,Prawns,Leach Highway (Upper Canning; 9),Nearshore,Nearshore,Nearshore,2017,03,01,NS_LH,402291.4950,136.0000,,NS_LH,Prawns,Leach Highway (Upper Canning; 9),Nearshore,Nearshore,Nearshore,2017,04,01,NS_LH,402291.4950,136.0000,,NS_LH,Prawns,Leach Highway (Upper Canning; 9),Nearshore,Nearshore,Nearshore,2017,05,01,NS_LH,402291.4950,136.0000,,NS_LH,Prawns,Leach Highway (Upper Canning; 9),Nearshore,Nearshore,Nearshore,2017,06,01,NS_LH,402291.4950,136.0000,,NS_LH,Prawns,Leach Highway (Upper Canning; 9),Nearshore,Nearshore,Nearshore,2017,07,01,NS_LH,402291.4950,136.0000,,NS_LH,Prawns,Leach Highway (Upper Canning; 9),Nearshore,Nearshore,Nearshore,2017,08,01,NS_LH,402291.4950,136.0000,,NS_LH,Prawns,Leach Highway (Upper Canning; 9),Nearshore,Nearshore,Nearshore,2017,09,01,NS_LH,402291.4950,136.0000,,NS_LH,Prawns,Leach Highway (Upper Canning; 9),Nearshore,Nearshore,Nearshore,2017,10,01,NS_LH,402291.4950,136.0000,,NS_LH,Prawns,Leach Highway (Upper Canning; 9),Nearshore,Nearshore,Nearshore,2017,11,01,NS_LH,402291.4950,136.0000,,NS_LH,Prawns,Leach Highway (Upper Canning; 9),Nearshore,Nearshore,Nearshore,2017,12,01,NS_LH,402291.4950,136.0000,,NS_LH,Prawns,Leach Highway (Upper Canning; 9),Nearshore,Nearshore,Nearshore,2018,01,01,NS_LH,402291.4950,136.0000,,NS_LH,Prawns,Leach Highway (Upper Canning; 9),Nearshore,Nearshore,Nearshore,2018,02,01,NS_LH,402291.4950,136.0000,,NS_LH,Prawns,Leach Highway (Upper Canning; 9),Nearshore,Nearshore,Nearshore,2018,03,01,NS_LH,402291.4950,136.0000,,NS_LH,Prawns,Leach Highway (Upper Canning; 9),Nearshore,Nearshore,Nearshore,2018,04,01,NS_LH,402291.4950,136.0000,,NS_LH,Prawns,Leach Highway (Upper Canning; 9),Nearshore,Nearshore,Nearshore,2018,05,01,NS_LH,402291.4950,136.0000,,NS_LH,Prawns,Leach Highway (Upper Canning; 9),Nearshore,Nearshore,Nearshore,2018,06,01,NS_LH,402291.4950,136.0000,,NS_LH,Prawns,Leach Highway (Upper Canning; 9),Nearshore,Nearshore,Nearshore,2018,07,01,NS_LH,402291.4950,136.0000,,NS_LH,Prawns,Leach Highway (Upper Canning; 9),Nearshore,Nearshore,Nearshore,2018,08,01,NS_LH,402291.4950,136.0000,,NS_LH,Prawns,Leach Highway (Upper Canning; 9),Nearshore,Nearshore,Nearshore,2018,09,01,NS_LH,402291.4950,136.0000,,NS_LH,Prawns,Leach Highway (Upper Canning; 9),Nearshore,Nearshore,Nearshore,2018,10,01,NS_LH,402291.4950,136.0000,,NS_LH,Prawns,Leach Highway (Upper Canning; 9),Nearshore,Nearshore,Nearshore,2018,11,01,NS_LH,402291.4950,136.0000,,NS_LH,Prawns,Leach Highway (Upper Canning; 9),Nearshore,Nearshore,Nearshore,2018,12,01,NS_LH,402291.4950,136.0000,,NS_LH,Prawns,Leach Highway (Upper Canning; 9),Nearshore,Nearshore,Nearshore,2019,01,01,NS_LH,402291.4950,136.0000,,NS_LH,Prawns,Leach Highway (Upper Canning; 9),Nearshore,Nearshore,Nearshore,2019,02,01,NS_LH,402291.4950,136.0000,,NS_LH,Prawns,Leach Highway (Upper Canning; 9),Nearshore,Nearshore,Nearshore,2019,03,01,NS_LH,402291.4950,136.0000,,NS_LH,Prawns,Leach Highway (Upper Canning; 9),Nearshore,Nearshore,Nearshore,2019,04,01,NS_LH,402291.4950,136.0000,,NS_SF,Prawns,Shelley Foreshore (Upper Canning; 9),Nearshore,Nearshore,Nearshore,2007,04,01,NS_SF,340666.4536,60.0000,,35.57004,35.58223,22.21391,21.90222,0.53667,0.54063,0.04063,0.03742,0.00719,0.00863,0.00013,0.00003,0.00913,0.00634,16.44792,16.44239,4.54548,4.47558,0.52458,0.48275,0.20001,0.20000,2.71263,2.65499,6.23382,5.51121,1.16583,1.31426,6.23382,5.51121,0.00000,0.00000,0.00000,0.00139,0.00000,17.29072,64.39658,63.04646,0.00000,0.00000,0.00000,-1.07836,-1.95146,-0.35190,-2.89918,-1.14950,45.13037,42.18919,0.00000,410.11955,0.00000,36.60844,4.40589,4.31637,1.34470,1.32034,223.91132,116.86990,100.76009,52.59146,
NS_SF,Prawns,Shelley Foreshore (Upper Canning; 9),Nearshore,Nearshore,Nearshore,2007,05,01,NS_SF,340666.4536,60.0000,,34.14360,34.15094,16.86120,16.81370,0.55882,0.55671,0.05335,0.05279,0.01506,0.01364,0.00042,0.00035,0.02017,0.01973,44.51915,44.52792,3.75100,3.71457,0.52099,0.51742,0.20001,0.20001,10.79693,10.75477,8.72466,8.63041,0.55863,0.55992,8.72466,8.63041,0.00000,0.00000,0.00000,0.00165,0.00000,67.38328,47.70930,47.20232,0.00000,0.00000,0.00000,-0.67237,-3.73755,-2.26779,-4.73808,-3.26718,86.66702,85.83590,0.00000,558.40102,0.00000,24.17357,3.47740,3.46905,0.98487,0.98350,153.07778,85.82989,68.88500,38.62345,
NS_SF,Prawns,Shelley Foreshore (Upper Canning; 9),Nearshore,Nearshore,Nearshore,2007,06,01,NS_SF,340666.4536,60.0000,,32.94955,33.07217,12.00855,12.03493,0.57917,0.57109,0.07050,0.06766,0.01605,0.01613,0.00053,0.00051,0.03634,0.03487,71.01736,70.94792,2.94579,2.82102,0.21724,0.21173,0.20000,0.20001,24.60121,22.14170,2.67048,2.64571,0.31338,0.31424,2.67048,2.64571,0.00000,0.00000,0.00000,0.00165,0.00000,4.89966,33.67977,32.28003,0.00000,0.00000,0.00000,-0.40518,-3.03087,-1.44869,-4.04448,-2.36987,116.67321,106.18413,0.00000,478.27498,0.00000,17.68066,2.76512,2.73250,0.71255,0.71681,134.95733,79.09471,60.73080,35.59262,
NS_SF,Prawns,Shelley Foreshore (Upper Canning; 9),Nearshore,Nearshore,Nearshore,2007,07,01,NS_SF,340666.4536,60.0000,,31.97412,32.27045,12.96997,12.59403,0.52905,0.52448,0.06341,0.06109,0.00863,0.01024,0.00025,0.00003,0.03683,0.03563,91.84470,91.83115,5.13440,4.70991,0.20541,0.20112,0.20000,0.20001,17.04212,15.24060,0.94893,0.93472,0.20115,0.20122,0.94893,0.93472,0.00000,0.00000,0.00000,0.00298,0.00000,15.62860,59.52794,54.28879,0.00000,0.00000,0.00000,-0.53832,-1.27125,-0.56958,-1.98350,-1.22194,77.48982,69.85862,0.00000,487.17638,0.00000,17.64943,2.25558,2.24534,0.59928,0.60678,115.49035,76.17672,51.97066,34.27952,
NS_SF,Prawns,Shelley Foreshore (Upper Canning; 9),Nearshore,Nearshore,Nearshore,2007,08,01,NS_SF,340666.4536,60.0000,,26.83174,27.11488,13.40472,13.38168,0.46998,0.46912,0.05331,0.05487,0.00925,0.00969,0.00185,0.00024,0.03216,0.03349,96.06528,98.03256,7.10197,6.73460,0.25345,0.22739,0.19999,0.20000,13.00625,13.67046,0.39377,0.34910,0.21879,0.21003,0.39377,0.34910,0.00000,0.00000,0.00000,0.00278,0.00000,33.32554,80.48865,76.39213,0.00000,0.00000,0.00000,-0.65064,-1.31030,-0.52695,-1.85747,-1.12391,58.63234,61.03450,0.00000,458.97924,0.00000,19.11926,2.22663,2.08501,0.61631,0.56796,119.69853,81.34027,53.86434,36.60312,
NS_SF,Prawns,Shelley Foreshore (Upper Canning; 9),Nearshore,Nearshore,Nearshore,2007,09,01,NS_SF,340666.4536,60.0000,,17.54237,17.56264,13.12839,12.93061,0.55318,0.54819,0.05546,0.05292,0.00725,0.00553,0.00006,0.00002,0.02517,0.02337,86.58977,86.81059,6.54697,6.55014,0.54065,0.50821,0.20001,0.20001,23.74972,23.36298,0.23722,0.22239,0.24212,0.26044,0.23722,0.22239,0.00000,0.00000,0.00000,0.00112,0.00000,6.89022,69.63896,69.37754,0.00000,0.00000,0.00000,-0.62419,-1.70027,-0.32524,-2.66341,-1.24395,104.03448,102.24811,0.00000,417.12534,0.00000,20.09483,5.92082,5.82749,1.73912,1.71205,183.05393,91.51245,82.37427,41.18060,
NS_SF,Prawns,Shelley Foreshore (Upper Canning; 9),Nearshore,Nearshore,Nearshore,2007,10,01,NS_SF,340666.4536,60.0000,,16.39123,16.39004,17.05213,16.93560,0.51559,0.51268,0.02999,0.02837,0.00966,0.00783,0.00008,0.00003,0.00913,0.00773,98.28423,98.34039,6.19031,6.19782,0.22645,0.22121,0.20002,0.20001,16.87019,16.69406,0.21589,0.20921,0.23469,0.24779,0.21589,0.20921,0.00000,0.00000,0.00000,0.00205,0.00000,10.70457,70.96837,70.88247,0.00000,0.00000,0.00000,-0.83399,-2.37705,-0.73260,-3.29563,-1.62755,73.94017,73.17959,0.00000,599.23541,0.00000,28.90779,3.91965,3.89864,1.13207,1.12667,193.70818,121.36392,87.16868,54.61377,
NS_SF,Prawns,Shelley Foreshore (Upper Canning; 9),Nearshore,Nearshore,Nearshore,2007,11,01,NS_SF,340666.4536,60.0000,,19.42529,20.20103,19.34171,20.05899,0.46991,0.44927,0.03444,0.03121,0.00708,0.01087,0.00014,0.00002,0.01123,0.00965,94.50949,89.49400,5.72436,5.14911,0.23783,0.23378,0.20002,0.20001,26.40847,23.17407,0.32117,0.31273,0.23700,0.30157,0.32117,0.31273,0.00000,0.00000,0.00000,0.00160,0.00000,10.13332,69.93976,64.03464,0.00000,0.00000,0.00000,-0.98994,-4.10029,-2.20346,-5.81558,-3.78119,114.18013,100.87597,0.00000,690.84001,0.00000,41.29612,3.10218,3.03318,0.81369,0.81118,313.61309,195.77683,141.12589,88.09957,
NS_SF,Prawns,Shelley Foreshore (Upper Canning; 9),Nearshore,Nearshore,Nearshore,2007,12,01,NS_SF,340666.4536,60.0000,,26.18841,26.31033,29.86107,29.99454,0.44852,0.44522,0.05985,0.05965,0.01060,0.01492,0.00030,0.00044,0.03220,0.03253,86.05333,85.11646,3.77690,3.53962,0.26878,0.26828,0.20002,0.20001,31.46204,30.70005,0.72495,0.73023,0.21350,0.21934,0.72495,0.73023,0.00000,0.00000,0.00000,0.00166,0.00000,60.02064,57.77342,54.24581,0.00000,0.00000,0.00000,-1.79103,-8.51687,-6.12909,-13.22008,-10.72677,136.95054,133.74812,0.00000,741.20190,0.00000,57.03764,2.60156,2.57741,0.61885,0.61698,281.04875,164.97440,126.47194,74.23848,
NS_SF,Prawns,Shelley Foreshore (Upper Canning; 9),Nearshore,Nearshore,Nearshore,2008,01,01,NS_SF,340666.4536,60.0000,,29.13353,29.22248,30.82665,30.79941,0.47343,0.46162,0.07297,0.06972,0.01437,0.01252,0.00022,0.00010,0.04163,0.03913,94.67482,93.64744,3.63683,3.53681,0.22612,0.22053,0.20003,0.20001,31.78555,30.74385,0.63005,0.61345,0.20724,0.22778,0.63005,0.61345,0.00000,0.00000,0.00000,0.00097,0.00000,26.27307,57.47275,55.86879,0.00000,0.00000,0.00000,-1.92925,-10.69873,-6.17108,-15.87612,-11.14961,137.70136,133.28303,0.00000,751.82022,0.00000,66.62188,2.49879,2.46866,0.58268,0.58136,390.29290,240.62348,175.63181,108.28057,
NS_SF,Prawns,Shelley Foreshore (Upper Canning; 9),Nearshore,Nearshore,Nearshore,2008,02,01,NS_SF,340666.4536,60.0000,,31.84355,31.84199,32.42219,32.43662,0.57882,0.57683,0.12329,0.12299,0.10274,0.10193,0.00494,0.00453,0.09040,0.09015,100.82997,100.81788,2.04060,2.04804,0.23782,0.23735,0.20003,0.20002,15.21764,15.21030,0.98472,0.98162,0.30449,0.30762,0.98472,0.98162,0.00000,0.00000,0.00000,0.00168,0.00000,46.12555,33.55597,33.68466,0.00000,0.00000,0.00000,-1.62640,-5.48641,-4.88689,-8.69350,-8.09415,70.59577,70.51822,0.00000,746.41253,0.00000,67.80829,1.94507,1.94179,0.49815,0.49782,318.11316,218.36680,143.15092,98.26506,
NS_SF,Prawns,Shelley Foreshore (Upper Canning; 9),Nearshore,Nearshore,Nearshore,2008,03,01,NS_SF,340666.4536,60.0000,,32.53884,32.60067,27.68131,27.62416,0.51619,0.51581,0.12088,0.11964,0.00934,0.01974,0.00050,0.00204,0.08123,0.08100,100.31276,99.35742,4.10573,3.55051,0.27624,0.26630,0.20002,0.20001,32.29175,31.01794,1.16036,1.10022,0.21124,0.23182,1.16036,1.10022,0.00000,0.00000,0.00000,0.00150,0.00000,17.10613,62.80372,54.28045,0.00000,0.00000,0.00000,-1.48578,-10.13422,-4.54359,-14.38469,-8.53571,142.24586,136.64853,0.00000,728.10381,0.00000,51.55471,2.02110,1.97281,0.43121,0.42637,304.39828,187.43050,136.97923,84.34373,
NS_SF,Prawns,Shelley Foreshore (Upper Canning; 9),Nearshore,Nearshore,Nearshore,2008,04,01,NS_SF,340666.4536,60.0000,,32.28005,33.31350,20.58354,22.01932,0.57819,0.56256,0.13868,0.13751,0.00968,0.03292,0.00043,0.00147,0.09330,0.09535,111.95813,109.52615,4.87207,3.56299,0.21753,0.20181,0.19997,0.20001,33.36230,30.63213,0.66510,0.70823,0.30031,0.23500,0.66510,0.70823,0.00000,0.00000,0.00000,0.00186,0.00000,23.14769,65.72134,49.45108,0.00000,0.00000,0.00000,-0.96637,-3.75509,-2.63658,-6.10163,-5.16010,144.77189,133.16141,0.00000,683.72176,0.00000,9.16360,2.07922,1.89454,0.44001,0.40708,33.79526,21.31976,15.20787,9.59389,
NS_SF,Prawns,Shelley Foreshore (Upper Canning; 9),Nearshore,Nearshore,Nearshore,2008,05,01,NS_SF,340666.4536,60.0000,,NS_SF,Prawns,Shelley Foreshore (Upper Canning; 9),Nearshore,Nearshore,Nearshore,2008,06,01,NS_SF,340666.4536,60.0000,,NS_SF,Prawns,Shelley Foreshore (Upper Canning; 9),Nearshore,Nearshore,Nearshore,2008,07,01,NS_SF,340666.4536,60.0000,,NS_SF,Prawns,Shelley Foreshore (Upper Canning; 9),Nearshore,Nearshore,Nearshore,2008,08,01,NS_SF,340666.4536,60.0000,,NS_SF,Prawns,Shelley Foreshore (Upper Canning; 9),Nearshore,Nearshore,Nearshore,2008,09,01,NS_SF,340666.4536,60.0000,,NS_SF,Prawns,Shelley Foreshore (Upper Canning; 9),Nearshore,Nearshore,Nearshore,2008,10,01,NS_SF,340666.4536,60.0000,,NS_SF,Prawns,Shelley Foreshore (Upper Canning; 9),Nearshore,Nearshore,Nearshore,2008,11,01,NS_SF,340666.4536,60.0000,,NS_SF,Prawns,Shelley Foreshore (Upper Canning; 9),Nearshore,Nearshore,Nearshore,2008,12,01,NS_SF,340666.4536,60.0000,,NS_SF,Prawns,Shelley Foreshore (Upper Canning; 9),Nearshore,Nearshore,Nearshore,2009,01,01,NS_SF,340666.4536,60.0000,,NS_SF,Prawns,Shelley Foreshore (Upper Canning; 9),Nearshore,Nearshore,Nearshore,2009,02,01,NS_SF,340666.4536,60.0000,,NS_SF,Prawns,Shelley Foreshore (Upper Canning; 9),Nearshore,Nearshore,Nearshore,2009,03,01,NS_SF,340666.4536,60.0000,,NS_SF,Prawns,Shelley Foreshore (Upper Canning; 9),Nearshore,Nearshore,Nearshore,2009,04,01,NS_SF,340666.4536,60.0000,,NS_SF,Prawns,Shelley Foreshore (Upper Canning; 9),Nearshore,Nearshore,Nearshore,2009,05,01,NS_SF,340666.4536,60.0000,,NS_SF,Prawns,Shelley Foreshore (Upper Canning; 9),Nearshore,Nearshore,Nearshore,2009,06,01,NS_SF,340666.4536,60.0000,,NS_SF,Prawns,Shelley Foreshore (Upper Canning; 9),Nearshore,Nearshore,Nearshore,2009,07,01,NS_SF,340666.4536,60.0000,,NS_SF,Prawns,Shelley Foreshore (Upper Canning; 9),Nearshore,Nearshore,Nearshore,2009,08,01,NS_SF,340666.4536,60.0000,,NS_SF,Prawns,Shelley Foreshore (Upper Canning; 9),Nearshore,Nearshore,Nearshore,2009,09,01,NS_SF,340666.4536,60.0000,,NS_SF,Prawns,Shelley Foreshore (Upper Canning; 9),Nearshore,Nearshore,Nearshore,2009,10,01,NS_SF,340666.4536,60.0000,,NS_SF,Prawns,Shelley Foreshore (Upper Canning; 9),Nearshore,Nearshore,Nearshore,2009,11,01,NS_SF,340666.4536,60.0000,,NS_SF,Prawns,Shelley Foreshore (Upper Canning; 9),Nearshore,Nearshore,Nearshore,2009,12,01,NS_SF,340666.4536,60.0000,,NS_SF,Prawns,Shelley Foreshore (Upper Canning; 9),Nearshore,Nearshore,Nearshore,2010,01,01,NS_SF,340666.4536,60.0000,,NS_SF,Prawns,Shelley Foreshore (Upper Canning; 9),Nearshore,Nearshore,Nearshore,2010,02,01,NS_SF,340666.4536,60.0000,,NS_SF,Prawns,Shelley Foreshore (Upper Canning; 9),Nearshore,Nearshore,Nearshore,2010,03,01,NS_SF,340666.4536,60.0000,,NS_SF,Prawns,Shelley Foreshore (Upper Canning; 9),Nearshore,Nearshore,Nearshore,2010,04,01,NS_SF,340666.4536,60.0000,,NS_SF,Prawns,Shelley Foreshore (Upper Canning; 9),Nearshore,Nearshore,Nearshore,2010,05,01,NS_SF,340666.4536,60.0000,,NS_SF,Prawns,Shelley Foreshore (Upper Canning; 9),Nearshore,Nearshore,Nearshore,2010,06,01,NS_SF,340666.4536,60.0000,,NS_SF,Prawns,Shelley Foreshore (Upper Canning; 9),Nearshore,Nearshore,Nearshore,2010,07,01,NS_SF,340666.4536,60.0000,,NS_SF,Prawns,Shelley Foreshore (Upper Canning; 9),Nearshore,Nearshore,Nearshore,2010,08,01,NS_SF,340666.4536,60.0000,,NS_SF,Prawns,Shelley Foreshore (Upper Canning; 9),Nearshore,Nearshore,Nearshore,2010,09,01,NS_SF,340666.4536,60.0000,,NS_SF,Prawns,Shelley Foreshore (Upper Canning; 9),Nearshore,Nearshore,Nearshore,2010,10,01,NS_SF,340666.4536,60.0000,,NS_SF,Prawns,Shelley Foreshore (Upper Canning; 9),Nearshore,Nearshore,Nearshore,2010,11,01,NS_SF,340666.4536,60.0000,,NS_SF,Prawns,Shelley Foreshore (Upper Canning; 9),Nearshore,Nearshore,Nearshore,2010,12,01,NS_SF,340666.4536,60.0000,,NS_SF,Prawns,Shelley Foreshore (Upper Canning; 9),Nearshore,Nearshore,Nearshore,2011,01,01,NS_SF,340666.4536,60.0000,,NS_SF,Prawns,Shelley Foreshore (Upper Canning; 9),Nearshore,Nearshore,Nearshore,2011,02,01,NS_SF,340666.4536,60.0000,,NS_SF,Prawns,Shelley Foreshore (Upper Canning; 9),Nearshore,Nearshore,Nearshore,2011,03,01,NS_SF,340666.4536,60.0000,,NS_SF,Prawns,Shelley Foreshore (Upper Canning; 9),Nearshore,Nearshore,Nearshore,2011,04,01,NS_SF,340666.4536,60.0000,,NS_SF,Prawns,Shelley Foreshore (Upper Canning; 9),Nearshore,Nearshore,Nearshore,2011,05,01,NS_SF,340666.4536,60.0000,,NS_SF,Prawns,Shelley Foreshore (Upper Canning; 9),Nearshore,Nearshore,Nearshore,2011,06,01,NS_SF,340666.4536,60.0000,,NS_SF,Prawns,Shelley Foreshore (Upper Canning; 9),Nearshore,Nearshore,Nearshore,2011,07,01,NS_SF,340666.4536,60.0000,,NS_SF,Prawns,Shelley Foreshore (Upper Canning; 9),Nearshore,Nearshore,Nearshore,2011,08,01,NS_SF,340666.4536,60.0000,,NS_SF,Prawns,Shelley Foreshore (Upper Canning; 9),Nearshore,Nearshore,Nearshore,2011,09,01,NS_SF,340666.4536,60.0000,,NS_SF,Prawns,Shelley Foreshore (Upper Canning; 9),Nearshore,Nearshore,Nearshore,2011,10,01,NS_SF,340666.4536,60.0000,,NS_SF,Prawns,Shelley Foreshore (Upper Canning; 9),Nearshore,Nearshore,Nearshore,2011,11,01,NS_SF,340666.4536,60.0000,,NS_SF,Prawns,Shelley Foreshore (Upper Canning; 9),Nearshore,Nearshore,Nearshore,2011,12,01,NS_SF,340666.4536,60.0000,,NS_SF,Prawns,Shelley Foreshore (Upper Canning; 9),Nearshore,Nearshore,Nearshore,2012,01,01,NS_SF,340666.4536,60.0000,,NS_SF,Prawns,Shelley Foreshore (Upper Canning; 9),Nearshore,Nearshore,Nearshore,2012,02,01,NS_SF,340666.4536,60.0000,,NS_SF,Prawns,Shelley Foreshore (Upper Canning; 9),Nearshore,Nearshore,Nearshore,2012,03,01,NS_SF,340666.4536,60.0000,,NS_SF,Prawns,Shelley Foreshore (Upper Canning; 9),Nearshore,Nearshore,Nearshore,2012,04,01,NS_SF,340666.4536,60.0000,,NS_SF,Prawns,Shelley Foreshore (Upper Canning; 9),Nearshore,Nearshore,Nearshore,2012,05,01,NS_SF,340666.4536,60.0000,,NS_SF,Prawns,Shelley Foreshore (Upper Canning; 9),Nearshore,Nearshore,Nearshore,2012,06,01,NS_SF,340666.4536,60.0000,,NS_SF,Prawns,Shelley Foreshore (Upper Canning; 9),Nearshore,Nearshore,Nearshore,2012,07,01,NS_SF,340666.4536,60.0000,,NS_SF,Prawns,Shelley Foreshore (Upper Canning; 9),Nearshore,Nearshore,Nearshore,2012,08,01,NS_SF,340666.4536,60.0000,,NS_SF,Prawns,Shelley Foreshore (Upper Canning; 9),Nearshore,Nearshore,Nearshore,2012,09,01,NS_SF,340666.4536,60.0000,,NS_SF,Prawns,Shelley Foreshore (Upper Canning; 9),Nearshore,Nearshore,Nearshore,2012,10,01,NS_SF,340666.4536,60.0000,,NS_SF,Prawns,Shelley Foreshore (Upper Canning; 9),Nearshore,Nearshore,Nearshore,2012,11,01,NS_SF,340666.4536,60.0000,,NS_SF,Prawns,Shelley Foreshore (Upper Canning; 9),Nearshore,Nearshore,Nearshore,2012,12,01,NS_SF,340666.4536,60.0000,,NS_SF,Prawns,Shelley Foreshore (Upper Canning; 9),Nearshore,Nearshore,Nearshore,2013,01,01,NS_SF,340666.4536,60.0000,,NS_SF,Prawns,Shelley Foreshore (Upper Canning; 9),Nearshore,Nearshore,Nearshore,2013,02,01,NS_SF,340666.4536,60.0000,,NS_SF,Prawns,Shelley Foreshore (Upper Canning; 9),Nearshore,Nearshore,Nearshore,2013,03,01,NS_SF,340666.4536,60.0000,,NS_SF,Prawns,Shelley Foreshore (Upper Canning; 9),Nearshore,Nearshore,Nearshore,2013,04,01,NS_SF,340666.4536,60.0000,,NS_SF,Prawns,Shelley Foreshore (Upper Canning; 9),Nearshore,Nearshore,Nearshore,2013,05,01,NS_SF,340666.4536,60.0000,,NS_SF,Prawns,Shelley Foreshore (Upper Canning; 9),Nearshore,Nearshore,Nearshore,2013,06,01,NS_SF,340666.4536,60.0000,,NS_SF,Prawns,Shelley Foreshore (Upper Canning; 9),Nearshore,Nearshore,Nearshore,2013,07,01,NS_SF,340666.4536,60.0000,,NS_SF,Prawns,Shelley Foreshore (Upper Canning; 9),Nearshore,Nearshore,Nearshore,2013,08,01,NS_SF,340666.4536,60.0000,,NS_SF,Prawns,Shelley Foreshore (Upper Canning; 9),Nearshore,Nearshore,Nearshore,2013,09,01,NS_SF,340666.4536,60.0000,,NS_SF,Prawns,Shelley Foreshore (Upper Canning; 9),Nearshore,Nearshore,Nearshore,2013,10,01,NS_SF,340666.4536,60.0000,,NS_SF,Prawns,Shelley Foreshore (Upper Canning; 9),Nearshore,Nearshore,Nearshore,2013,11,01,NS_SF,340666.4536,60.0000,,NS_SF,Prawns,Shelley Foreshore (Upper Canning; 9),Nearshore,Nearshore,Nearshore,2013,12,01,NS_SF,340666.4536,60.0000,,NS_SF,Prawns,Shelley Foreshore (Upper Canning; 9),Nearshore,Nearshore,Nearshore,2014,01,01,NS_SF,340666.4536,60.0000,,NS_SF,Prawns,Shelley Foreshore (Upper Canning; 9),Nearshore,Nearshore,Nearshore,2014,02,01,NS_SF,340666.4536,60.0000,,NS_SF,Prawns,Shelley Foreshore (Upper Canning; 9),Nearshore,Nearshore,Nearshore,2014,03,01,NS_SF,340666.4536,60.0000,,NS_SF,Prawns,Shelley Foreshore (Upper Canning; 9),Nearshore,Nearshore,Nearshore,2014,04,01,NS_SF,340666.4536,60.0000,,NS_SF,Prawns,Shelley Foreshore (Upper Canning; 9),Nearshore,Nearshore,Nearshore,2014,05,01,NS_SF,340666.4536,60.0000,,NS_SF,Prawns,Shelley Foreshore (Upper Canning; 9),Nearshore,Nearshore,Nearshore,2014,06,01,NS_SF,340666.4536,60.0000,,NS_SF,Prawns,Shelley Foreshore (Upper Canning; 9),Nearshore,Nearshore,Nearshore,2014,07,01,NS_SF,340666.4536,60.0000,,NS_SF,Prawns,Shelley Foreshore (Upper Canning; 9),Nearshore,Nearshore,Nearshore,2014,08,01,NS_SF,340666.4536,60.0000,,NS_SF,Prawns,Shelley Foreshore (Upper Canning; 9),Nearshore,Nearshore,Nearshore,2014,09,01,NS_SF,340666.4536,60.0000,,NS_SF,Prawns,Shelley Foreshore (Upper Canning; 9),Nearshore,Nearshore,Nearshore,2014,10,01,NS_SF,340666.4536,60.0000,,NS_SF,Prawns,Shelley Foreshore (Upper Canning; 9),Nearshore,Nearshore,Nearshore,2014,11,01,NS_SF,340666.4536,60.0000,,NS_SF,Prawns,Shelley Foreshore (Upper Canning; 9),Nearshore,Nearshore,Nearshore,2014,12,01,NS_SF,340666.4536,60.0000,,