SITE_ID,DEFAULT_SITE_REF,SITE_TYPE,SITE_SUBTYPE,DEFAULT_SITE_NUM_SYS,SITE_NAME,SITE_SHORTNAME,ALL_SITE_REFERENCES,TEXT_REF,ZONE,EASTING,NORTHING,LATITUDE,LONGITUDE,SPHEROID
6142546,6142546,Surface (other),Sampling location,AWRC,Lakes And Wetlands - Gibbs Rd Swamp,Gibbs Rd Swamp,6142546 [SITE_REF]; 8090173 [WIN_ID],,50,397439.00,6441849.00,-32.155149280,115.912378250,GDA94
6160118,6160118,Surface (other),Sampling location,AWRC,Caversham Avenue Jetty - Unnamed,Unnamed,23017348 [WIN_ID]; 6160118 [SITE_REF]; CAV [TEXT_REF]; SR45 [TEXT2],CAV,50,404687.30,6472636.00,-31.878074752,115.992277594,GDA94
6160119,6160119,Surface (other),Sampling location,AWRC,Swan-Canning Estuary - Uprswn - Reg Bond Park,Reg Bond Park,23017349 [WIN_ID]; 6160119 [SITE_REF]; REG [TEXT_REF]; SR43 [TEXT2],REG,50,405311.69,6473712.40,-31.868417000,115.998983300,GDA94
6160130,6160130,Surface (other),Sampling location,AWRC,Southern River Catchment - Aw05,Aw05,23017685 [WIN_ID]; 6160130 [SITE_REF]; AW05 [TEXT_REF],AW05,50,405939.00,6442204.00,-32.152688380,116.002540390,GDA94
6160195,6160195,Surface (other),Sampling location,AWRC,Liege Street Wetland - Lield,Lield,23019373 [WIN_ID]; 6160195 [SITE_REF]; LIELD [TEXT_REF],LIELD,50,399621.00,6456491.00,-32.023272024,115.937044500,GDA94
6160198,6160198,Surface (other),Sampling location,AWRC,Liege Street Wetland - Liecd,Liecd,23019375 [WIN_ID]; 6160198 [SITE_REF]; LIECD [TEXT_REF],LIECD,50,399461.50,6456676.20,-32.021587310,115.935375060,GDA94
6160199,6160199,Surface (other),Sampling location,AWRC,Liege Street Wetland - Liep6,Liep6,23019376 [WIN_ID]; 6160199 [SITE_REF]; LIEP6 [TEXT_REF],LIEP6,50,399380.00,6456586.00,-32.022393690,115.934502746,GDA94
6160360,6160360,Surface (other),Sampling location,AWRC,Swan-Canning Estuary - Lwrswn - Swl053,Swl053,22010264 [WIN_ID]; 6160360 [SITE_REF]; SWL053 [TEXT_REF],SWL053,50,384389.00,6457380.00,-32.013800000,115.775883000,GDA94
6160664,6160664,Surface (other),Sampling location,AWRC,Manning Main Drain - Manmd1,Manmd1,23019931 [WIN_ID]; 6160664 [SITE_REF]; MANMD1 [TEXT_REF]; SP7 [TEXT2],MANMD1,50,393934.00,6456753.00,-32.020389781,115.876860942,GDA94
6160690,6160690,Surface (other),Sampling location,AWRC,Ellis Brook Catchment - Mills Rd,Mills Rd,23020179 [WIN_ID]; 6160690 [SITE_REF]; EBGS01 [TEXT2]; EBGS01 [TEXT_REF],EBGS01,50,405757.00,6451808.00,-32.066042360,116.001553970,GDA94
6160693,6160693,Surface (other),Sampling location,AWRC,Amherst Road Bd - Bnc04,Bnc04,23020182 [WIN_ID]; 6160693 [SITE_REF]; BNC04 [TEXT_REF],BNC04,50,398901.00,6452179.00,-32.062102880,115.928968414,GDA94
6160720,6160720,Surface (other),Sampling location,AWRC,Lennard Brook - Ebn1,Ebn1,23020293 [WIN_ID]; 6160720 [SITE_REF]; EBN1 [TEXT_REF],EBN1,50,396613.00,6527771.00,-31.380012997,115.912723169,GDA94
6160732,6160732,Surface (other),Sampling location,AWRC,Airfield Road Drain - Ebn2,Ebn2,23020294 [WIN_ID]; 6160732 [SITE_REF]; EBN2 [TEXT_REF],EBN2,50,397101.00,6519428.00,-31.455318791,115.916989990,GDA94
6160734,6160734,Surface (other),Sampling location,AWRC,Chandala Brook West - Ebn3,Ebn3,23020295 [WIN_ID]; 6160734 [SITE_REF]; EBN3 [TEXT_REF],EBN3,50,400463.00,6511801.00,-31.524416431,115.951602623,GDA94
6160735,6160735,Surface (other),Sampling location,AWRC,Chandala Brook South - Ebn4,Ebn4,23020296 [WIN_ID]; 6160735 [SITE_REF]; EBN4 [TEXT_REF],EBN4,50,401302.00,6510846.00,-31.533103592,115.960342906,GDA94
6160736,6160736,Surface (other),Sampling location,AWRC,Yal Yal Brook - Ebn5,Ebn5,23020297 [WIN_ID]; 6160736 [SITE_REF]; EBN5 [TEXT_REF],EBN5,50,404923.00,6514458.00,-31.500823659,115.998827989,GDA94
6160737,6160737,Surface (other),Sampling location,AWRC,Rocky Gully Creek - Ebn6,Ebn6,23020298 [WIN_ID]; 6160737 [SITE_REF]; EBN6 [TEXT_REF],EBN6,50,403714.00,6509047.00,-31.549536440,115.985571299,GDA94
6160738,6160738,Surface (other),Sampling location,AWRC,Wandena Brook North - Ebn7,Ebn7,23020299 [WIN_ID]; 6160738 [SITE_REF]; EBN7 [TEXT_REF],EBN7,50,404384.00,6507384.00,-31.564594237,115.992467966,GDA94
6160739,6160739,Surface (other),Sampling location,AWRC,Wandena Brook South - Ebn8,Ebn8,23020300 [WIN_ID]; 6160739 [SITE_REF]; EBN8 [TEXT_REF],EBN8,50,404561.00,6506686.00,-31.570905603,115.994265233,GDA94
6160740,6160740,Surface (other),Sampling location,AWRC,Muchea Central Brand Hwy Drain - Ebn9,Ebn9,23020301 [WIN_ID]; 6160740 [SITE_REF]; EBN9 [TEXT_REF],EBN9,50,404093.00,6505838.00,-31.578516520,115.989251567,GDA94
6160746,6160746,Surface (other),Sampling location,AWRC,Muchea East Drain - Ebn10,Ebn10,23020302 [WIN_ID]; 6160746 [SITE_REF]; EBN10 [TEXT_REF],EBN10,50,404780.00,6505833.00,-31.578618678,115.996490317,GDA94
6160747,6160747,Surface (other),Sampling location,AWRC,Muchea North Drain - Ebn11,Ebn11,23020303 [WIN_ID]; 6160747 [SITE_REF]; EBN11 [TEXT_REF],EBN11,50,404611.00,6500336.00,-31.628193020,115.994176560,GDA94
6160750,6160750,Surface (other),Sampling location,AWRC,Upper Ellen Brook - Ebn13,Ebn13,23020305 [WIN_ID]; 6160750 [SITE_REF]; EBN13 [TEXT_REF],EBN13,50,406044.00,6498117.00,-31.648328684,116.009072531,GDA94
6160752,6160752,Surface (other),Sampling location,AWRC,Bingham Road Drain - Ebn15,Ebn15,23020307 [WIN_ID]; 6160752 [SITE_REF]; EBN15 [TEXT_REF],EBN15,50,405807.00,6496883.00,-31.659441100,116.006454850,GDA94
6160753,6160753,Surface (other),Sampling location,AWRC,Bullsbrook Drain - Ebn16,Ebn16,23020308 [WIN_ID]; 6160753 [SITE_REF]; EBN16 [TEXT_REF],EBN16,50,405054.00,6495684.00,-31.670195091,115.998397199,GDA94
6160754,6160754,Surface (other),Sampling location,AWRC,Mid Ellen Brook - Ebn17,Ebn17,23020309 [WIN_ID]; 6160754 [SITE_REF]; EBN17 [TEXT_REF],EBN17,50,406685.00,6493379.00,-31.691122229,116.015381282,GDA94
6160755,6160755,Surface (other),Sampling location,AWRC,Ellen Brook - Ebn18,Ebn18,23020310 [WIN_ID]; 6160755 [SITE_REF]; EBN18 [TEXT_REF],EBN18,50,407638.00,6486743.00,-31.751062142,116.024809074,GDA94
6160756,6160756,Surface (other),Sampling location,AWRC,Lower Ellen Brook - Ebn19,Ebn19,23020311 [WIN_ID]; 6160756 [SITE_REF]; EBN19 [TEXT_REF],EBN19,50,406519.00,6483685.00,-31.778556795,116.012702881,GDA94
6160758,6160758,Surface (other),Sampling location,AWRC,Horse Swamp - Bbcsn17,Bbcsn17,23020315 [WIN_ID]; 6160758 [SITE_REF]; BBCSN17 [TEXT_REF],BBCSN17,50,401546.05,6476463.02,-31.843285373,115.959458290,GDA94
6160761,6160761,Surface (other),Sampling location,AWRC,Widgee Road Branch Drain - Bbcsn20,Bbcsn20,23020318 [WIN_ID]; 6160761 [SITE_REF]; BBCSN20 [TEXT_REF],BBCSN20,50,396754.02,6473720.02,-31.867603973,115.908528396,GDA94
6160762,6160762,Surface (other),Sampling location,AWRC,Mussel Pool - Bbcsn21,Bbcsn21,23020319 [WIN_ID]; 6160762 [SITE_REF]; BBCSN21 [TEXT_REF],BBCSN21,50,400609.05,6476659.01,-31.841436007,115.949576734,GDA94
6160763,6160763,Surface (other),Sampling location,AWRC,Agett Way Compensating Basin - Bbcsn22,Bbcsn22,23020320 [WIN_ID]; 6160763 [SITE_REF]; BBCSN22 [TEXT_REF],BBCSN22,50,394298.01,6473916.02,-31.865610466,115.882589971,GDA94
6160930,6160930,Surface (other),Sampling location,AWRC,Swan-Canning Estuary - Uprswn - Mulberry Farm,Mulberry Farm,22006209 [WIN_ID]; 6160930 [SITE_REF]; MULB FARM [TEXT_REF]; SR54 [TEXT2],MULB FARM,50,403502.04,6471562.99,-31.887653795,115.979641085,GDA94
6160957,6160957,Surface (other),Sampling location,AWRC,Ken Maine Sump - Bbcsn23,Bbcsn23,23020321 [WIN_ID]; 6160957 [SITE_REF]; BBCSN23 [TEXT_REF],BBCSN23,50,398544.00,6478019.00,-31.828986249,115.927897129,GDA94
6161086,6161086,Surface (other),Sampling location,AWRC,Swan River - Middle Swan Bridge,Middle Swan Bridge,13816 [WIN_ID]; 6161086 [SITE_REF]; MSB [TEXT_REF],MSB,50,406263.00,6474166.00,-31.864403993,116.009082729,GDA94
6161310,6161310,Surface (other),Sampling location,AWRC,Perth Cbd - Hamilton Sump Outlet,Hamilton Sump Outlet,23036262 [WIN_ID]; 6161310 [SITE_REF]; HAM1 [TEXT_REF],HAM1,50,391354.37,6465172.06,-31.944204910,115.850497040,GDA94
6161685,6161685,Surface (other),Sampling location,AWRC,Bullcreek - Rrmdout,Rrmdout,23020961 [WIN_ID]; 6161685 [SITE_REF]; RRMDOUT [TEXT_REF],RRMDOUT,50,396758.00,6455025.00,-32.036237822,115.906574531,GDA94
6161686,6161686,Surface (other),Sampling location,AWRC,Bullcreek - Mamdo,Mamdo,23020962 [WIN_ID]; 6161686 [SITE_REF]; MAMDO [TEXT_REF],MAMDO,50,396118.00,6455814.00,-32.029062336,115.899882521,GDA94
6161692,6161692,Surface (other),Sampling location,AWRC,Henley Brook Catchment - Hbbrock,Hbbrock,23020968 [WIN_ID]; 6161692 [SITE_REF]; HBBROCK [TEXT_REF],HBBROCK,50,405628.00,6480849.00,-31.804066320,116.003019250,GDA94
6161696,6161696,Surface (other),Sampling location,AWRC,Upper Swan Catchment - Csmdreid,Csmdreid,23020972 [WIN_ID]; 6161696 [SITE_REF]; CSMDREID [TEXT_REF],CSMDREID,50,400676.00,6468544.00,-31.914643070,115.949453740,GDA94
6161752,6161752,Surface (other),Sampling location,AWRC,Maylands - Mimdout,Mimdout,23020984 [WIN_ID]; 6161752 [SITE_REF]; MIMDOUT [TEXT_REF],MIMDOUT,50,395191.00,6466023.00,-31.936890177,115.891175276,GDA94
6161836,6161836,Surface (other),Sampling location,AWRC,Canning River - Nicholson Rd Bridge,Nicholson Rd Bridge,14271 [WIN_ID]; 6161836 [SITE_REF]; NIC [TEXT_REF]; SW33 HIST [TEXT_HIST],NIC,50,400105.41,6455783.15,-32.029700000,115.942100000,GDA94
6161854,6161854,Surface (other),Sampling location,AWRC,Swan River Phd - West Midland Pool,West Midland Pool,14289 [WIN_ID]; 6161854 [SITE_REF]; SR41 [TEXT2]; WMP [TEXT_REF],WMP,50,404439.00,6471549.00,-31.887859180,115.989546150,GDA94
6161879,6161879,Surface (other),Sampling location,AWRC,Success Hill - Unnamed,Unnamed,22000022 [WIN_ID]; 6161879 [SITE_REF]; SR58 [TEXT2]; SUC [TEXT_REF]; SW21 HIST [TEXT_HIST],SUC,50,401585.00,6470349.00,-31.898440276,115.959250125,GDA94
6162178,6162178,Surface (other),Sampling location,AWRC,BullCreek - Bull Creek Md,Bull Creek Md,23022060 [WIN_ID]; 6162178 [SITE_REF]; MELDR-01 [TEXT2]; PSDTBCMD [TEXT_REF],PSDTBCMD,50,392968.00,6453775.00,-32.047160336,115.866302671,GDA94
6162179,6162179,Surface (other),Sampling location,AWRC,Ascot Lagoons - Bsmp01,Bsmp01,23022069 [WIN_ID]; 6162179 [SITE_REF]; BSMP01 [TEXT_REF],BSMP01,50,398246.89,6466245.40,-31.935162199,115.923523441,GDA94
6162180,6162180,Surface (other),Sampling location,AWRC,Ascot Lagoons - Bsmp02,Bsmp02,23022070 [WIN_ID]; 6162180 [SITE_REF]; BSMP02 [TEXT_REF],BSMP02,50,398382.45,6466160.28,-31.935942145,115.924948417,GDA94
6162181,6162181,Surface (other),Sampling location,AWRC,Ascot Stables - Bsmp03,Bsmp03,23022071 [WIN_ID]; 6162181 [SITE_REF]; BSMP03 [TEXT_REF],BSMP03,50,398753.86,6466538.17,-31.932566667,115.928916670,GDA94
6162187,6162187,Surface (other),Sampling location,AWRC,South Belmont Md - Bsmp09,Bsmp09,23022077 [WIN_ID]; 6162187 [SITE_REF]; BSMP09 [TEXT_REF],BSMP09,50,397885.89,6464777.94,-31.948366669,115.919550004,GDA94
6162200,6162200,Surface (other),Sampling location,AWRC,Central Belmont MD - Bsmp22,Bsmp22,23022090 [WIN_ID]; 6162200 [SITE_REF]; BSMP22 [TEXT_REF],BSMP22,50,398503.96,6465680.21,-31.940283336,115.926183332,GDA94
6162201,6162201,Surface (other),Sampling location,AWRC,Central Belmont MD - Bsmp23,Bsmp23,23022091 [WIN_ID]; 6162201 [SITE_REF]; BSMP23 [TEXT_REF],BSMP23,50,398809.19,6465085.51,-31.945674996,115.929349998,GDA94
6162202,6162202,Surface (other),Sampling location,AWRC,Central Belmont MD - Bsmp24,Bsmp24,23022092 [WIN_ID]; 6162202 [SITE_REF]; BSMP24 [TEXT_REF],BSMP24,50,399146.65,6465374.31,-31.943099994,115.932949999,GDA94
6162203,6162203,Surface (other),Sampling location,AWRC,Other Sumps (Belmont) - Bsmp25,Bsmp25,23022093 [WIN_ID]; 6162203 [SITE_REF]; BSMP25 [TEXT_REF],BSMP25,50,400187.63,6467195.23,-31.926766662,115.944150002,GDA94
6162204,6162204,Surface (other),Sampling location,AWRC,Other Sumps (Belmont) - Bsmp26,Bsmp26,23022094 [WIN_ID]; 6162204 [SITE_REF]; BSMP26 [TEXT_REF],BSMP26,50,400426.01,6467312.11,-31.925733328,115.946683334,GDA94
6162278,6162278,Surface (other),Sampling location,AWRC,Mandarin Rd - Mandarin Rd,Mandarin Rd,23022720 [WIN_ID]; 6162278 [SITE_REF]; BICKBK 07 [TEXT_REF],BICKBK 07,50,404543.38,6454830.60,-32.038675579,115.988998001,GDA94
6162300,6162300,Surface (other),Sampling location,AWRC,Swan River - Vitox Plant,Vitox Plant,23022756 [WIN_ID]; 6162300 [SITE_REF]; SR35 [TEXT2]; VIT [TEXT_REF],VIT,50,401818.00,6470125.00,-31.900481014,115.961691096,GDA94
6162310,6162310,Surface (other),Sampling location,AWRC,South Perth Catchment - Galway Rd Access,Galway Rd Access,23022899 [WIN_ID]; 6162310 [SITE_REF]; SCCIS1 [TEXT_REF]; SP10 [TEXT3],SCCIS1,50,394520.00,6457098.00,-32.017332650,115.883102870,GDA94
6162311,6162311,Surface (other),Sampling location,AWRC,Bullcreek Catchment - Holmes Rd Access,Holmes Rd Access,23022900 [WIN_ID]; 6162311 [SITE_REF]; SCCIS2 [TEXT_REF],SCCIS2,50,395005.00,6455762.00,-32.029428590,115.888092000,GDA94
6162312,6162312,Surface (other),Sampling location,AWRC,Lower Canning Catchment - Cockram St Drain,Cockram St Drain,23022901 [WIN_ID]; 6162312 [SITE_REF]; SCCIS3 [TEXT_REF],SCCIS3,50,400134.00,6457254.00,-32.016434990,115.942555140,GDA94
6162313,6162313,Surface (other),Sampling location,AWRC,Helm St Catchment - Helm St Drain,Helm St Drain,23022902 [WIN_ID]; 6162313 [SITE_REF]; HSC 2 [TEXT2]; SCCIS4 [TEXT_REF],SCCIS4,50,405287.50,6452862.40,-32.056492032,115.996684390,GDA94
6162318,6162318,Surface (other),Sampling location,AWRC,Perth Airport North - Gt E Hwy Bypass,Gt E Hwy Bypass,23022907 [WIN_ID]; 6162318 [SITE_REF]; SCCIS12 [TEXT2]; SCCIS12 [TEXT_REF],SCCIS12,50,401848.70,6467956.00,-31.920049030,115.961796020,GDA94
6162319,6162319,Surface (other),Sampling location,AWRC,Saint Leonards Creek Catchment - George St Access,George St Access,23022908 [WIN_ID]; 6162319 [SITE_REF]; SCCIN3 [TEXT_REF],SCCIN3,50,405168.00,6477182.00,-31.837107020,115.997803000,GDA94
6162370,6162370,Surface (other),Sampling location,AWRC,BullCreek Catchment - Brockman Park,Brockman Park,23023462 [WIN_ID]; 6162370 [SITE_REF]; MELDR-02 [TEXT_REF],MELDR-02,50,393466.50,6453208.50,-32.052317265,115.871519258,GDA94
6162373,6162373,Surface (other),Sampling location,AWRC,BullCreek Catchment - John Creaney Park,John Creaney Park,23023465 [WIN_ID]; 6162373 [SITE_REF]; MELDR-05 [TEXT_REF],MELDR-05,50,392359.00,6452734.70,-32.056485942,115.859736781,GDA94
6162374,6162374,Surface (other),Sampling location,AWRC,BullCreek Catchment - Bateman Park,Bateman Park,23023466 [WIN_ID]; 6162374 [SITE_REF]; MELDR-06 [TEXT_REF],MELDR-06,50,392269.80,6453880.20,-32.046145092,115.858920270,GDA94
6162375,6162375,Surface (other),Sampling location,AWRC,City Of Melville Drain Network - Booragoon Lake Out,Booragoon Lake Out,23023467 [WIN_ID]; 6162375 [SITE_REF]; MELDR-07 [TEXT_REF],MELDR-07,50,390734.70,6454164.10,-32.043436960,115.842695517,GDA94
6162376,6162376,Surface (other),Sampling location,AWRC,City Of Melville Drain Network - Piney Lakes Outlet,Piney Lakes Outlet,23023468 [WIN_ID]; 6162376 [SITE_REF]; MELDR-08 [TEXT_REF],MELDR-08,50,390151.60,6453473.10,-32.049613175,115.836441728,GDA94
6162377,6162377,Surface (other),Sampling location,AWRC,City Of Melville Drain Network - Frederick Baldwin,Frederick Baldwin,23023470 [WIN_ID]; 6162377 [SITE_REF]; MELDR-10 [TEXT_REF],MELDR-10,50,387989.90,6452295.90,-32.060019059,115.813411251,GDA94
6162378,6162378,Surface (other),Sampling location,AWRC,City Of Melville Drain Network - Marmion Reserve,Marmion Reserve,23023471 [WIN_ID]; 6162378 [SITE_REF]; MELDR-11 [TEXT_REF],MELDR-11,50,387774.90,6454629.80,-32.038946418,115.811406212,GDA94
6162379,6162379,Surface (other),Sampling location,AWRC,City Of Melville Drain Network - Blue Gum Lake Outlet,Blue Gum Lake Outlet,23023472 [WIN_ID]; 6162379 [SITE_REF]; MELDR-12 [TEXT_REF],MELDR-12,50,391282.80,6454886.80,-32.036971113,115.848581422,GDA94
6162381,6162381,Surface (other),Sampling location,AWRC,Bannister Creek - Whalebacklake Inlet,Whalebacklake Inlet,23023474 [WIN_ID]; 6162381 [SITE_REF]; WB 02 [TEXT_REF],WB 02,50,397936.26,6453043.38,-32.054219297,115.918841330,GDA94
6162382,6162382,Surface (other),Sampling location,AWRC,Bannister Creek - DS Of Pegley St,DS Of Pegley St,23023475 [WIN_ID]; 6162382 [SITE_REF]; WB 03 [TEXT_REF],WB 03,50,397262.98,6453072.65,-32.053894251,115.911713515,GDA94
6162383,6162383,Surface (other),Sampling location,AWRC,Bannister Creek - Vulcan Rd Drain,Vulcan Rd Drain,23023476 [WIN_ID]; 6162383 [SITE_REF]; WB 04 [TEXT_REF],WB 04,50,397887.19,6452927.82,-32.055257230,115.918309350,GDA94
6162384,6162384,Surface (other),Sampling location,AWRC,Bannister Creek - Hopewell Rd Drain,Hopewell Rd Drain,23023477 [WIN_ID]; 6162384 [SITE_REF]; WB 05 [TEXT_REF],WB 05,50,397873.53,6452667.01,-32.057608530,115.918136980,GDA94
6162394,6162394,Surface (other),Sampling location,AWRC,Chapman St Drain - Reid St,Reid St,23023504 [WIN_ID]; 6162394 [SITE_REF]; BASS06 [TEXT_REF],BASS06,50,400676.40,6468548.00,-31.914607022,115.949458385,GDA94
6162395,6162395,Surface (other),Sampling location,AWRC,Chapman St Drain - May Holman Dr,May Holman Dr,23023505 [WIN_ID]; 6162395 [SITE_REF]; BASS07 [TEXT_REF],BASS07,50,399786.40,6469190.50,-31.908733246,115.940112713,GDA94
6162396,6162396,Surface (other),Sampling location,AWRC,Kitchener St Drain - Hardy St,Hardy St,23023506 [WIN_ID]; 6162396 [SITE_REF]; BASS08 [TEXT_REF],BASS08,50,399914.30,6468166.70,-31.917979598,115.941359463,GDA94
6162397,6162397,Surface (other),Sampling location,AWRC,Yal Yal Brook South - Lower Yal Yal,Lower Yal Yal,23023538 [WIN_ID]; 6162397 [SITE_REF]; EBN21 [TEXT_REF],EBN21,50,403110.00,6509922.00,-31.541592410,115.979294580,GDA94
6162398,6162398,Surface (other),Sampling location,AWRC,Ki-It Brook - Ki-It Brook,Ki-It Brook,23023539 [WIN_ID]; 6162398 [SITE_REF]; EBN22 [TEXT_REF],EBN22,50,406959.00,6493382.00,-31.691117451,116.018272332,GDA94
6162399,6162399,Surface (other),Sampling location,AWRC,Drain To Ellen Brook - Peters Rd,Peters Rd,23023540 [WIN_ID]; 6162399 [SITE_REF]; EBN23 [TEXT_REF],EBN23,50,403580.00,6505232.00,-31.583940367,115.983786545,GDA94
6162400,6162400,Surface (other),Sampling location,AWRC,Drain To Ellen Brook - Stock Rd,Stock Rd,23023541 [WIN_ID]; 6162400 [SITE_REF]; EBN24 [TEXT_REF],EBN24,50,405221.00,6492415.00,-31.699698171,115.999842505,GDA94
6162401,6162401,Surface (other),Sampling location,AWRC,Drain To Ellen Brook - Sawpit Gully,Sawpit Gully,23023542 [WIN_ID]; 6162401 [SITE_REF]; EBN25 [TEXT_REF],EBN25,50,407430.00,6486777.00,-31.750738607,116.022616431,GDA94
6162402,6162402,Surface (other),Sampling location,AWRC,Drain To Ellen Brook - Egerton,Egerton,23023543 [WIN_ID]; 6162402 [SITE_REF]; EBN26 [TEXT_REF],EBN26,50,405129.00,6483859.00,-31.776872540,115.998041259,GDA94
6162403,6162403,Surface (other),Sampling location,AWRC,Drain To Ellen Brook - Wandena Rd,Wandena Rd,23023544 [WIN_ID]; 6162403 [SITE_REF]; EBN27 [TEXT_REF],EBN27,50,406553.00,6502590.00,-31.608019299,116.014865480,GDA94
6162404,6162404,Surface (other),Sampling location,AWRC,Yal Yal Brook North - Upper Yal Yal,Upper Yal Yal,23023545 [WIN_ID]; 6162404 [SITE_REF]; EBN28 [TEXT_REF],EBN28,50,409421.00,6516783.00,-31.480210935,116.046399579,GDA94
6162409,6162409,Surface (other),Sampling location,AWRC,Bayswater Main Drain - Bird Sanctuary,Bird Sanctuary,23023735 [WIN_ID]; 6162409 [SITE_REF]; BWMD 01 [TEXT_REF],BWMD 01,50,398393.80,6466808.10,-31.930099602,115.925136468,GDA94
6162410,6162410,Surface (other),Sampling location,AWRC,Bayswater Main Drain - King William St,King William St,23023736 [WIN_ID]; 6162410 [SITE_REF]; BWMD 02 [TEXT_REF],BWMD 02,50,398011.00,6467301.60,-31.925613749,115.921139532,GDA94
6162411,6162411,Surface (other),Sampling location,AWRC,Bayswater Main Drain - Whatley Rd DS,Whatley Rd DS,23023737 [WIN_ID]; 6162411 [SITE_REF]; BWMD 03 [TEXT_REF],BWMD 03,50,398111.10,6467578.20,-31.923127717,115.922227354,GDA94
6162412,6162412,Surface (other),Sampling location,AWRC,Bayswater Main Drain - Whatley Rd US,Whatley Rd US,23023738 [WIN_ID]; 6162412 [SITE_REF]; BWMD 04 [TEXT_REF],BWMD 04,50,398182.80,6467874.20,-31.920464132,115.923016795,GDA94
6162413,6162413,Surface (other),Sampling location,AWRC,Bayswater Main Drain - Railway Pde,Railway Pde,23023739 [WIN_ID]; 6162413 [SITE_REF]; BWMD 05 [TEXT_REF],BWMD 05,50,398176.80,6468028.80,-31.919069051,115.922969591,GDA94
6162414,6162414,Surface (other),Sampling location,AWRC,Bayswater Main Drain - Tonkin Hwy West,Tonkin Hwy West,23023740 [WIN_ID]; 6162414 [SITE_REF]; BWMD 06 [TEXT_REF],BWMD 06,50,398191.10,6468042.00,-31.918951265,115.923122214,GDA94
6162415,6162415,Surface (other),Sampling location,AWRC,Bayswater MD Mooney St Wetland - Outlet,Outlet,23023741 [WIN_ID]; 6162415 [SITE_REF]; BWMD 07 [TEXT_REF],BWMD 07,50,398179.80,6468541.20,-31.914447301,115.923055176,GDA94
6162416,6162416,Surface (other),Sampling location,AWRC,Bayswater MD Mooney St Wetland - Upstream,Upstream,23023742 [WIN_ID]; 6162416 [SITE_REF]; BWMD 08 [TEXT_REF],BWMD 08,50,398179.80,6468600.00,-31.913916905,115.923061356,GDA94
6162417,6162417,Surface (other),Sampling location,AWRC,Bayswater Main Drain - Fairford St Reveg DS,Fairford St Reveg DS,23023743 [WIN_ID]; 6162417 [SITE_REF]; BWMD 09 [TEXT_REF],BWMD 09,50,399162.70,6469764.20,-31.903503067,115.933576948,GDA94
6162418,6162418,Surface (other),Sampling location,AWRC,Bayswater Main Drain - Fairford St Reveg US,Fairford St Reveg US,23023744 [WIN_ID]; 6162418 [SITE_REF]; BWMD 10 [TEXT_REF],BWMD 10,50,399317.70,6469799.30,-31.903200196,115.935219581,GDA94
6162419,6162419,Surface (other),Sampling location,AWRC,Bayswater Main Drain - Joan Rycroft Reserve,Joan Rycroft Reserve,23023745 [WIN_ID]; 6162419 [SITE_REF]; BWMD 11 [TEXT_REF],BWMD 11,50,398343.70,6469793.40,-31.903166700,115.924919826,GDA94
6162420,6162420,Surface (other),Sampling location,AWRC,Bayswater Main Drain - Tonkin Hwy North,Tonkin Hwy North,23023746 [WIN_ID]; 6162420 [SITE_REF]; BWMD 12 [TEXT_REF],BWMD 12,50,397680.40,6470785.80,-31.894155379,115.918010799,GDA94
6162421,6162421,Surface (other),Sampling location,AWRC,Bayswater Main Drain - Waltham Way,Waltham Way,23023747 [WIN_ID]; 6162421 [SITE_REF]; BWMD 13 [TEXT_REF],BWMD 13,50,396904.40,6471563.60,-31.887069252,115.909888842,GDA94
6162422,6162422,Surface (other),Sampling location,AWRC,Bayswater Main Drain - Clavering Rd,Clavering Rd,23023748 [WIN_ID]; 6162422 [SITE_REF]; BWMD 14 [TEXT_REF],BWMD 14,50,397555.20,6468862.60,-31.911492008,115.916483818,GDA94
6162423,6162423,Surface (other),Sampling location,AWRC,Bayswater Main Drain - John St,John St,23023749 [WIN_ID]; 6162423 [SITE_REF]; BWMD 15 [TEXT_REF],BWMD 15,50,397591.40,6468970.50,-31.910521979,115.916878035,GDA94
6162424,6162424,Surface (other),Sampling location,AWRC,Bayswater Main Drain - Christian St,Christian St,23023750 [WIN_ID]; 6162424 [SITE_REF]; BWMD 16 [TEXT_REF],BWMD 16,50,397407.60,6469140.50,-31.908971941,115.914952375,GDA94
6162425,6162425,Surface (other),Sampling location,AWRC,Bayswater Main Drain - Browns Lake Wetland,Browns Lake Wetland,23023751 [WIN_ID]; 6162425 [SITE_REF]; BWMD 17 [TEXT_REF],BWMD 17,50,395649.70,6469351.80,-31.906905856,115.896385979,GDA94
6162426,6162426,Surface (other),Sampling location,AWRC,Bayswater Main Drain - Gummery St,Gummery St,23023752 [WIN_ID]; 6162426 [SITE_REF]; BWMD 18 [TEXT_REF],BWMD 18,50,395542.90,6469521.00,-31.905369813,115.895274872,GDA94
6162427,6162427,Surface (other),Sampling location,AWRC,Bayswater Main Drain - Catherine St,Catherine St,23023753 [WIN_ID]; 6162427 [SITE_REF]; BWMD 19 [TEXT_REF],BWMD 19,50,395431.30,6469520.80,-31.905361352,115.894094771,GDA94
6162429,6162429,Surface (other),Sampling location,AWRC,Bayswater Main Drain - Rudloc Reserve Exit,Rudloc Reserve Exit,23023755 [WIN_ID]; 6162429 [SITE_REF]; BWMD 21 [TEXT_REF],BWMD 21,50,395517.10,6469605.20,-31.904607934,115.895011134,GDA94
6162430,6162430,Surface (other),Sampling location,AWRC,Bayswater Main Drain - Jakobsens Way,Jakobsens Way,23023756 [WIN_ID]; 6162430 [SITE_REF]; BWMD 22 [TEXT_REF],BWMD 22,50,395236.40,6470514.10,-31.896383572,115.892141199,GDA94
6162431,6162431,Surface (other),Sampling location,AWRC,Bayswater Main Drain - Vera St,Vera St,23023757 [WIN_ID]; 6162431 [SITE_REF]; BWMD 23 [TEXT_REF],BWMD 23,50,395398.10,6471145.50,-31.890703061,115.893918978,GDA94
6162432,6162432,Surface (other),Sampling location,AWRC,Bayswater Main Drain - Drake Way,Drake Way,23023758 [WIN_ID]; 6162432 [SITE_REF]; BWMD 24 [TEXT_REF],BWMD 24,50,395858.50,6469640.70,-31.904319056,115.898624950,GDA94
6162481,6162481,Surface (other),Sampling location,AWRC,Piesse Brook - End Of Schipp Rd,End Of Schipp Rd,23023973 [WIN_ID]; 6162481 [SITE_REF]; HRCSN 10 [TEXT_REF],HRCSN 10,50,413157.51,6462365.56,-31.971400000,116.080900000,GDA94
6162511,6162511,Surface (other),Sampling location,AWRC,Lakes And Wetlands - Stammers Swamp 265,Stammers Swamp 265,14532 [WIN_ID]; 6162511 [SITE_REF],,50,387752.00,6454604.00,-32.039176979,115.811160711,GDA94
6162518,6162518,Surface (other),Sampling location,AWRC,Lakes And Wetlands - Lake Monger 354,Lake Monger 354,14539 [WIN_ID]; 6162518 [SITE_REF],,50,389939.00,6466372.00,-31.933244996,115.835661115,GDA94
6162519,6162519,Surface (other),Sampling location,AWRC,Lakes And Wetlands - Booragoon Swamp 264,Booragoon Swamp 264,14540 [WIN_ID]; 6162519 [SITE_REF],,50,390884.00,6454178.00,-32.043326400,115.844277820,GDA94
6162520,6162520,Surface (other),Sampling location,AWRC,Lakes And Wetlands - Blue Gum Swamp 458,Blue Gum Swamp 458,14541 [WIN_ID]; 6162520 [SITE_REF],,50,391289.00,6454814.00,-32.037628610,115.848638620,GDA94
6162556,6162556,Surface (other),Sampling location,AWRC,Lakes And Wetlands - Tomato Lake S144,Tomato Lake S144,14577 [WIN_ID]; 6162556 [SITE_REF],,50,399046.00,6461799.00,-31.975341700,115.931512210,GDA94
6162557,6162557,Surface (other),Sampling location,AWRC,Lakes And Wetlands - Lake Forrestdale 602,Lake Forrestdale 602,14578 [WIN_ID]; 6162557 [SITE_REF],,50,399715.00,6441248.00,-32.160774259,115.936447956,GDA94
6162558,6162558,Surface (other),Sampling location,AWRC,Lakes And Wetlands - Lake Ballanup 8528,Lake Ballanup 8528,14579 [WIN_ID]; 6162558 [SITE_REF],,50,400639.00,6446369.00,-32.114665350,115.946776890,GDA94
6162563,6162563,Surface (other),Sampling location,AWRC,Lakes And Wetlands - Airport Lake North,Airport Lake North,14584 [WIN_ID]; 6162563 [SITE_REF],,50,404939.00,6466531.00,-31.933166301,115.994339654,GDA94
6162628,6162628,Surface (other),Sampling location,AWRC,Melaleuca Park - Epp173,Epp173,12865389 [WIN_ID]; 6162628 [SITE_REF]; GNM14SG [TEXT_REF],GNM14SG,50,401754.00,6491898.00,-31.704069752,115.963210054,GDA94
6162629,6162629,Surface (other),Sampling location,AWRC,Lakes And Wetlands - Gnm15Sg,Gnm15Sg,12865392 [WIN_ID]; 6162629 [SITE_REF],,50,401785.00,6487528.00,-31.743493099,115.963098316,GDA94
6162630,6162630,Surface (other),Sampling location,AWRC,Lakes And Wetlands - Gnm16Sg,Gnm16Sg,12865395 [WIN_ID]; 6162630 [SITE_REF],,50,401499.00,6486531.00,-31.752462114,115.959978773,GDA94
6162796,6162796,Surface (other),Sampling location,AWRC,Mill Street Main Drain Outlet - Anvil Comp Basin,Anvil Comp Basin,23002241 [WIN_ID]; 6162796 [SITE_REF]; MSANVCBOUT [TEXT_REF],MSANVCBOUT,50,399497.00,6459929.00,-31.992249420,115.936089910,GDA94
6162797,6162797,Surface (other),Sampling location,AWRC,Mills Street Main Drain Anvil Comp Basin - Inlet,Inlet,23002242 [WIN_ID]; 6162797 [SITE_REF]; MSANVCBIN [TEXT_REF],MSANVCBIN,50,399545.00,6460103.00,-31.990684155,115.936616065,GDA94
6162925,6162925,Surface (other),Sampling location,AWRC,Blackadder Creek - Francis Street,Francis Street,13802340 [WIN_ID]; 6162925 [SITE_REF]; SWN8 [TEXT_REF],SWN8,50,407052.00,6472871.00,-31.876150471,116.017298422,GDA94
6162962,6162962,Surface (other),Sampling location,AWRC,Mills Street Main Drain - MSMA1,MSMA1,23001158 [WIN_ID]; 6162962 [SITE_REF]; MSMA1 [TEXT_REF],MSMA1,50,399477.00,6459984.00,-31.991751532,115.935883951,GDA94
6162964,6162964,Surface (other),Sampling location,AWRC,Mills Street Main Drain - MSAB2,MSAB2,23001160 [WIN_ID]; 6162964 [SITE_REF]; MSAB2 [TEXT_REF],MSAB2,50,399613.00,6460376.00,-31.988227650,115.937364180,GDA94
6162972,6162972,Surface (other),Sampling location,AWRC,Wilson Main Drain - Downstream Fern Rd,Downstream Fern Rd,23001324 [WIN_ID]; 6162972 [SITE_REF]; WIFRD [TEXT_REF],WIFRD,50,397538.00,6456804.00,-32.020261940,115.915023370,GDA94
6162979,6162979,Surface (other),Sampling location,AWRC,Bannister Creek - Tom Bateman Basin In,Tom Bateman Basin In,23001331 [WIN_ID]; 6162979 [SITE_REF]; BCTB1 [TEXT_REF],BCTB1,50,399213.00,6453024.00,-32.054508732,115.932361750,GDA94
6162980,6162980,Surface (other),Sampling location,AWRC,Bannister Creek - Whaleback Drain,Whaleback Drain,23001332 [WIN_ID]; 6162980 [SITE_REF]; BCWBD [TEXT_REF],BCWBD,50,398684.00,6453628.00,-32.049013241,115.926822481,GDA94
6162981,6162981,Surface (other),Sampling location,AWRC,Bannister Creek - Living Stream US,Living Stream US,23001333 [WIN_ID]; 6162981 [SITE_REF]; BCLSU [TEXT_REF],BCLSU,50,398721.00,6453892.00,-32.046635236,115.927242121,GDA94
6162982,6162982,Surface (other),Sampling location,AWRC,Bannister Creek - Living Stream DS,Living Stream DS,23001334 [WIN_ID]; 6162982 [SITE_REF]; BCLSD [TEXT_REF],BCLSD,50,398594.00,6454233.00,-32.043547973,115.925933051,GDA94
6162991,6162991,Surface (other),Sampling location,AWRC,South Belmont Main Drain - Bsmp27,Bsmp27,23034286 [WIN_ID]; 6162991 [SITE_REF]; BSMP27 [TEXT_REF],BSMP27,50,399124.85,6461674.42,-31.976472183,115.932333334,GDA94
6162992,6162992,Surface (other),Sampling location,AWRC,Ascot Stables Drains - Bsmp28,Bsmp28,23034287 [WIN_ID]; 6162992 [SITE_REF]; BSMP28 [TEXT_REF],BSMP28,50,398480.56,6465914.76,-31.938165574,115.925960439,GDA94
6162993,6162993,Surface (other),Sampling location,AWRC,Ivy Street Drain - Bsmp29,Bsmp29,23034288 [WIN_ID]; 6162993 [SITE_REF]; BSMP29 [TEXT_REF],BSMP29,50,401119.09,6467720.38,-31.922111129,115.954055545,GDA94
6162994,6162994,Surface (other),Sampling location,AWRC,Canning River Kent Street Weir - Weir U/S,Weir U/S,23038716 [WIN_ID]; 6162994 [SITE_REF]; KEN [TEXT_REF],KEN,50,398104.00,6456676.00,-32.021467650,115.921002330,GDA94
6162995,6162995,Surface (other),Sampling location,AWRC,Swan-Cannins Estuarylwrcan - Castledare Mid,Castledare Mid,23038717 [WIN_ID]; 6162995 [SITE_REF]; CASMID [TEXT_REF],CASMID,50,397599.00,6456555.00,-32.022513480,115.915642740,GDA94
6163105,6163105,Surface (other),Sampling location,AWRC,Canning River - Bacon St,Bacon St,22000057 [WIN_ID]; 6163105 [SITE_REF]; BAC [TEXT_REF]; SW311 HIST [TEXT_HIST],BAC,50,398643.33,6456555.85,-32.022600000,115.926700000,GDA94
6163119,6163119,Surface (other),Sampling location,AWRC,Canning River - Ellison Pde,Ellison Pde,22000058 [WIN_ID]; 6163119 [SITE_REF]; ELL [TEXT_REF]; SW331 HIST [TEXT_HIST],ELL,50,400846.60,6455324.76,-32.033900000,115.949901000,GDA94
6163124,6163124,Surface (other),Sampling location,AWRC,Canning River - Greenfield St Bridge,Greenfield St Bridge,22000783 [WIN_ID]; 6163124 [SITE_REF]; GRE [TEXT_REF]; SW32 HIST [TEXT_HIST],GRE,50,399251.01,6456529.94,-32.022887914,115.933131206,GDA94
6163154,6163154,Surface (other),Sampling location,AWRC,Perth Cbd - Hamilton Sump Outlet,Hamilton Sump Outlet,23036376 [WIN_ID]; 6163154 [SITE_REF]; HAM2 [TEXT_REF],HAM2,50,391375.54,6465176.79,-31.944164275,115.850721520,GDA94
6163156,6163156,Surface (other),Sampling location,AWRC,South Perth Catchment - Unnamed,Unnamed,23036423 [WIN_ID]; 6163156 [SITE_REF]; SW13 [TEXT_REF],SW13,50,394963.11,6457285.67,-32.015570326,115.887819902,GDA94
6163167,6163167,Surface (other),Sampling location,AWRC,Canning River - 200M Ds Nicholson Rd,200M Ds Nicholson Rd,23040770 [WIN_ID]; 6163167 [SITE_REF]; NICD200 [TEXT_REF],NICD200,50,399921.26,6455990.82,-32.027810370,115.940171660,GDA94
6163176,6163176,Surface (other),Sampling location,AWRC,Bingham Road Drain - Stock Crossing,Stock Crossing,23041054 [WIN_ID]; 6163176 [SITE_REF]; EBN14A [TEXT_REF],EBN14A,50,405499.00,6496881.00,-31.659433810,116.003206300,GDA94
6163202,6163202,Surface (other),Sampling location,AWRC,Bindaring Creek Outlet - Bindaring Creek,Bindaring Creek,23041882 [WIN_ID]; 6163202 [SITE_REF]; BASS13 [TEXT_REF],BASS13,50,401481.00,6468875.00,-31.911727412,115.958000648,GDA94
6163301,6163301,Surface (other),Sampling location,AWRC,Narrows Lakes Perth Western - Site 1,Site 1,23034077 [WIN_ID]; 6163301 [SITE_REF]; WLAK1 [TEXT_REF],WLAK1,50,391041.18,6463399.95,-31.960159397,115.846984302,GDA94
6163302,6163302,Surface (other),Sampling location,AWRC,Narrows Lakes Perth Western - Site 2,Site 2,23034078 [WIN_ID]; 6163302 [SITE_REF]; WLAK2 [TEXT_REF],WLAK2,50,390998.87,6463598.63,-31.958363230,115.846559052,GDA94
6163303,6163303,Surface (other),Sampling location,AWRC,Narrows Lakes Perth Western - Site 3,Site 3,23034079 [WIN_ID]; 6163303 [SITE_REF]; WLAK3 [TEXT_REF],WLAK3,50,391078.19,6463763.65,-31.956882364,115.847416857,GDA94
6163304,6163304,Surface (other),Sampling location,AWRC,Narrows Lakes Perth Eastern - Site 1,Site 1,23034080 [WIN_ID]; 6163304 [SITE_REF]; ELAK1 [TEXT_REF],ELAK1,50,391300.43,6463533.11,-31.958983171,115.849742217,GDA94
6163305,6163305,Surface (other),Sampling location,AWRC,Narrows Lakes Perth Eastern - Site 2,Site 2,23034081 [WIN_ID]; 6163305 [SITE_REF]; ELAK2 [TEXT_REF],ELAK2,50,391377.60,6463549.19,-31.958845524,115.850560495,GDA94
6163307,6163307,Surface (other),Sampling location,AWRC,Southern Narrows Lake - Site 1,Site 1,23034083 [WIN_ID]; 6163307 [SITE_REF]; SLAK1 [TEXT_REF],SLAK1,50,391258.52,6463468.51,-31.959561848,115.849291536,GDA94
6163309,6163309,Surface (other),Sampling location,AWRC,Southern Narrows Lake - Site 3,Site 3,23034085 [WIN_ID]; 6163309 [SITE_REF]; SLAK3 [TEXT_REF],SLAK3,50,391149.67,6463219.52,-31.961797303,115.848111839,GDA94
6163352,6163352,Surface (other),Sampling location,AWRC,Bennett Brook - Malga Drive Ivory St,Malga Drive Ivory St,23003283 [WIN_ID]; 6163352 [SITE_REF]; BBCSN01 [TEXT_REF],BBCSN01,50,395694.00,6473455.00,-31.869897848,115.897295609,GDA94
6163353,6163353,Surface (other),Sampling location,AWRC,Bennett Brook - Lightning Swamp,Lightning Swamp,23003403 [WIN_ID]; 6163353 [SITE_REF]; BBCSN02 [TEXT_REF],BBCSN02,50,396026.00,6473628.00,-31.868367717,115.900823426,GDA94
6163354,6163354,Surface (other),Sampling location,AWRC,Bennett Brook - Lightning Swamp,Lightning Swamp,23003404 [WIN_ID]; 6163354 [SITE_REF]; BBCSN03 [TEXT_REF],BBCSN03,50,396305.00,6473556.00,-31.869042641,115.903764765,GDA94
6163355,6163355,Surface (other),Sampling location,AWRC,Bennett Brook - Madeira Ave,Madeira Ave,23003284 [WIN_ID]; 6163355 [SITE_REF]; BBCSN04 [TEXT_REF],BBCSN04,50,399480.00,6473233.00,-31.872241163,115.937291545,GDA94
6163356,6163356,Surface (other),Sampling location,AWRC,Bennett Brook - Altone Rd - Optus,Altone Rd - Optus,23003287 [WIN_ID]; 6163356 [SITE_REF]; BBCSN05 [TEXT_REF],BBCSN05,50,400155.00,6472616.00,-31.877866222,115.944363217,GDA94
6163358,6163358,Surface (other),Sampling location,AWRC,Bennett Brook - Altone Park Golf,Altone Park Golf,23003285 [WIN_ID]; 6163358 [SITE_REF]; BBCSN07 [TEXT_REF],BBCSN07,50,400152.00,6473116.00,-31.873355732,115.944382935,GDA94
6163359,6163359,Surface (other),Sampling location,AWRC,Bennett Brook - Whiteman Park,Whiteman Park,23003288 [WIN_ID]; 6163359 [SITE_REF]; BBCSN08 [TEXT_REF],BBCSN08,50,397504.00,6475229.00,-31.854060162,115.916614845,GDA94
6163360,6163360,Surface (other),Sampling location,AWRC,Bennett Brook - Coast Rd - Uniweld,Coast Rd - Uniweld,23003289 [WIN_ID]; 6163360 [SITE_REF]; BBCSN09 [TEXT_REF],BBCSN09,50,398446.00,6474883.00,-31.857265647,115.926534144,GDA94
6163361,6163361,Surface (other),Sampling location,AWRC,Bennett Brook - Emu Swamp Drain Exit,Emu Swamp Drain Exit,23003290 [WIN_ID]; 6163361 [SITE_REF]; BBCSN10 [TEXT_REF],BBCSN10,50,400549.94,6474831.94,-31.857911984,115.948765161,GDA94
6163362,6163362,Surface (other),Sampling location,AWRC,Bennett Brook - Upstream Mussel Pool,Upstream Mussel Pool,23003291 [WIN_ID]; 6163362 [SITE_REF]; BBCSN11 [TEXT_REF],BBCSN11,50,399983.00,6476596.00,-31.841949633,115.942954733,GDA94
6163363,6163363,Surface (other),Sampling location,AWRC,Bennett Brook - Top Whiteman Park,Top Whiteman Park,23003292 [WIN_ID]; 6163363 [SITE_REF]; BBCSN12 [TEXT_REF],BBCSN12,50,398995.00,6477595.00,-31.832850996,115.932618194,GDA94
6163365,6163365,Surface (other),Sampling location,AWRC,Bennett Brook - Marshall Rd,Marshall Rd,23003293 [WIN_ID]; 6163365 [SITE_REF]; BBCSN14 [TEXT_REF],BBCSN14,50,400881.00,6475063.00,-31.855856582,115.952287695,GDA94
6163366,6163366,Surface (other),Sampling location,AWRC,Bennett Brook - Patricia Close,Patricia Close,23003295 [WIN_ID]; 6163366 [SITE_REF]; BBCSN15 [TEXT_REF],BBCSN15,50,401436.00,6473919.00,-31.866224238,115.958037273,GDA94
6163367,6163367,Surface (other),Sampling location,AWRC,Bennett Brook - Clarry Small Park,Clarry Small Park,23003296 [WIN_ID]; 6163367 [SITE_REF]; BBCSN16 [TEXT_REF],BBCSN16,50,401581.00,6472654.00,-31.877647724,115.959441679,GDA94
6163414,6163414,Surface (other),Sampling location,AWRC,Canning River - Phoslock Oxy Site 2,Phoslock Oxy Site 2,22005735 [WIN_ID]; 6163414 [SITE_REF]; PO2 [TEXT_REF],PO2,50,398994.42,6456763.75,-32.020756000,115.930439000,GDA94
6163441,6163441,Surface (other),Sampling location,AWRC,Canning River Bacon Street - Downstream 500M,Downstream 500M,22000909 [WIN_ID]; 6163441 [SITE_REF]; BACD500 [TEXT_REF],BACD500,50,398400.66,6456265.19,-32.025200000,115.924100000,GDA94
6163442,6163442,Surface (other),Sampling location,AWRC,Canning River Bacon Street - Upstream 300M,Upstream 300M,22001043 [WIN_ID]; 6163442 [SITE_REF]; BACU300 [TEXT_REF],BACU300,50,398621.91,6456810.62,-32.020300000,115.926500000,GDA94
6163447,6163447,Surface (other),Sampling location,AWRC,Canning River Bacon Street - Downstream 300M,Downstream 300M,22001038 [WIN_ID]; 6163447 [SITE_REF]; BACD300 [TEXT_REF],BACD300,50,398583.01,6456300.93,-32.024893871,115.926034442,GDA94
6163455,6163455,Surface (other),Sampling location,AWRC,Canning River Kent Street Weir - Weir Upper 300M,Weir Upper 300M,22005730 [WIN_ID]; 6163455 [SITE_REF]; KENU300 [TEXT_REF],KENU300,50,398209.58,6456485.01,-32.023200000,115.922100000,GDA94
6163500,6163500,Surface (other),Sampling location,AWRC,Upper Swan - Power Lines,Power Lines,23023958 [WIN_ID]; 6163500 [SITE_REF]; POL [TEXT_REF]; SR37 [TEXT2],POL,50,404979.21,6475052.58,-31.856300000,115.995600000,GDA94
6163796,6163796,Surface (other),Sampling location,AWRC,Perth Airport North High Wycombe - Dundas Rd,Dundas Rd,23024073 [WIN_ID]; 6163796 [SITE_REF]; PANCSN01 [TEXT_REF],PANCSN01,50,404772.39,6464729.79,-31.949400000,115.992400000,GDA94
6163798,6163798,Surface (other),Sampling location,AWRC,Perth Airport South Forrestfield - Dundas Rd,Dundas Rd,23024075 [WIN_ID]; 6163798 [SITE_REF]; PASCSN01 [TEXT_REF],PASCSN01,50,404447.55,6462066.15,-31.973400000,115.988700000,GDA94
6163800,6163800,Surface (other),Sampling location,AWRC,Woodlupine Brook - Sheffield Rd,Sheffield Rd,23024077 [WIN_ID]; 6163800 [SITE_REF]; YBCSN01 [TEXT_REF],YBCSN01,50,403614.89,6459175.97,-31.999400000,115.979600000,GDA94
6163801,6163801,Surface (other),Sampling location,AWRC,Yule Brook - Bruce Road,Bruce Road,23024078 [WIN_ID]; 6163801 [SITE_REF]; YBCSN02 [TEXT_REF],YBCSN02,50,404935.66,6458356.91,-32.006900000,115.993500000,GDA94
6163802,6163802,Surface (other),Sampling location,AWRC,Bickley Brook - White Rd,White Rd,23024079 [WIN_ID]; 6163802 [SITE_REF]; BBC 01 [TEXT_REF],BBC 01,50,407622.56,6455809.64,-32.030100000,116.021700000,GDA94
6163833,6163833,Surface (other),Sampling location,AWRC,Jane Brook - Confluence,Confluence,23024230 [WIN_ID]; 6163833 [SITE_REF]; JBC [TEXT_REF]; SR39 [TEXT2],JBC,50,405656.13,6474493.45,-31.861400000,116.002700000,GDA94
6163896,6163896,Surface (other),Sampling location,AWRC,Bennett Brook - Rspca,Rspca,23025961 [WIN_ID]; 6163896 [SITE_REF]; BBCSN24 [TEXT_REF],BBCSN24,50,395083.00,6473964.00,-31.865300000,115.890900000,GDA94
6163948,6163948,Surface (other),Sampling location,AWRC,Swan River - Vitox Upstream,Vitox Upstream,23027971 [WIN_ID]; 6163948 [SITE_REF],,50,401810.18,6470126.57,-31.900466180,115.961608570,GDA94
6163949,6163949,Surface (other),Sampling location,AWRC,Swan River - Vitox Upstream,Vitox Upstream,23027972 [WIN_ID]; 6163949 [SITE_REF],,50,401790.39,6470133.72,-31.900400000,115.961400000,GDA94
6163950,6163950,Surface (other),Sampling location,AWRC,Swan River - Vitox Downstream,Vitox Downstream,23027973 [WIN_ID]; 6163950 [SITE_REF],,50,401828.85,6470067.57,-31.901000000,115.961800000,GDA94
6163951,6163951,Surface (other),Sampling location,AWRC,Swan River - Vitox Downstream,Vitox Downstream,23027974 [WIN_ID]; 6163951 [SITE_REF],,50,401828.85,6470067.57,-31.901000000,115.961800000,GDA94
6163982,6163982,Surface (other),Sampling location,AWRC,Ellen Brook - Roxburghe Avenue,Roxburghe Avenue,23028592 [WIN_ID]; 6163982 [SITE_REF]; EBN29 [TEXT_REF],EBN29,50,406975.00,6486603.00,-31.752300000,116.017800000,GDA94
6163996,6163996,Surface (other),Sampling location,AWRC,Bennett Brook Catchment - Unnamed,Unnamed,23044974 [WIN_ID]; 6163996 [SITE_REF]; BBCSN41 [TEXT_REF],BBCSN41,50,400443.00,6472140.00,-31.882185204,115.947358901,GDA94
6164230,6164230,Surface (other),Sampling location,AWRC,Bayswater MD Nora Hughes - Wetland Outlet,Wetland Outlet,23030344 [WIN_ID]; 6164230 [SITE_REF]; BWMD 25 [TEXT_REF],BWMD 25,50,395871.80,6469477.10,-31.905795992,115.898748010,GDA94
6164231,6164231,Surface (other),Sampling location,AWRC,Bayswater Main Drain - Railway Crossing,Railway Crossing,23030345 [WIN_ID]; 6164231 [SITE_REF]; BWMD 26 [TEXT_REF],BWMD 26,50,398954.80,6468314.60,-31.916560524,115.931227436,GDA94
6164255,6164255,Surface (other),Sampling location,AWRC,Tom Bateman Wetland - Tom Bateman Outlet,Tom Bateman Outlet,23031240 [WIN_ID]; 6164255 [SITE_REF]; TBWOUT [TEXT_REF],TBWOUT,50,399321.21,6453107.32,-32.053655931,115.933521725,GDA94
6164295,6164295,Surface (other),Sampling location,AWRC,Swan Lake - Eastern Outlet,Eastern Outlet,23045590 [WIN_ID]; 6164295 [SITE_REF]; SWANLAKE01 [TEXT_REF],SWANLAKE01,50,396619.57,6467415.57,-31.924459864,115.906435147,GDA94
6164296,6164296,Surface (other),Sampling location,AWRC,Wharf St Wetland - Unnamed,Unnamed,23035118 [WIN_ID]; 6164296 [SITE_REF]; WHBC [TEXT_REF],WHBC,50,398661.00,6456904.00,-32.019461079,115.926923605,GDA94
6164297,6164297,Surface (other),Sampling location,AWRC,Wharf St Wetland - Open Pond 2,Open Pond 2,23035119 [WIN_ID]; 6164297 [SITE_REF]; WHW1 [TEXT_REF],WHW1,50,398841.48,6456930.85,-32.019235040,115.928837235,GDA94
6164298,6164298,Surface (other),Sampling location,AWRC,Wharf St Wetland - Open Pond 3,Open Pond 3,23035120 [WIN_ID]; 6164298 [SITE_REF]; WHW2 [TEXT_REF],WHW2,50,398715.67,6456905.69,-32.019450731,115.927502595,GDA94
6164299,6164299,Surface (other),Sampling location,AWRC,Wharf St Wetland - Outlet,Outlet,23035121 [WIN_ID]; 6164299 [SITE_REF]; WHW3 [TEXT_REF],WHW3,50,398606.90,6456830.40,-32.020120118,115.926343084,GDA94
6164300,6164300,Surface (other),Sampling location,AWRC,Wharf St Wetland - END OF FLOW VEGETATED WETLAND 1,VEGETATED WETLAND 1,23035122 [WIN_ID]; 6164300 [SITE_REF]; WT1 [TEXT_REF],WT1,50,398835.75,6456995.53,-32.018651100,115.928783360,GDA94
6164301,6164301,Surface (other),Sampling location,AWRC,Wharf St Wetland - Unnamed,Unnamed,23035123 [WIN_ID]; 6164301 [SITE_REF]; WT2 [TEXT_REF],WT2,50,398822.44,6456915.60,-32.019370900,115.928634050,GDA94
6164302,6164302,Surface (other),Sampling location,AWRC,Wharf St Wetland - Unnamed,Unnamed,23035124 [WIN_ID]; 6164302 [SITE_REF]; WT3 [TEXT_REF],WT3,50,398768.08,6456880.18,-32.019685528,115.928054800,GDA94
6164304,6164304,Surface (other),Sampling location,AWRC,Wharf St Wetland - Unnamed,Unnamed,23035126 [WIN_ID]; 6164304 [SITE_REF]; WT5 [TEXT_REF],WT5,50,398658.80,6456864.00,-32.019821690,115.926896110,GDA94
6164305,6164305,Surface (other),Sampling location,AWRC,Bennett Brook - Juna Drive,Juna Drive,23035187 [WIN_ID]; 6164305 [SITE_REF]; BBCSN25 [TEXT_REF],BBCSN25,50,395952.20,6473828.90,-31.866548786,115.900064886,GDA94
6164306,6164306,Surface (other),Sampling location,AWRC,Bennett Brook - Glyde Court,Glyde Court,23035188 [WIN_ID]; 6164306 [SITE_REF]; BBCSN26 [TEXT_REF],BBCSN26,50,396371.80,6473880.40,-31.866122526,115.904505463,GDA94
6164307,6164307,Surface (other),Sampling location,AWRC,Bennett Brook - Victoria Rd Cogla St,Victoria Rd Cogla St,23035189 [WIN_ID]; 6164307 [SITE_REF]; BBCSN27 [TEXT_REF],BBCSN27,50,396340.50,6474255.20,-31.862738848,115.904214632,GDA94
6164308,6164308,Surface (other),Sampling location,AWRC,Bennett Brook - Cogla St Mulgul Rd,Cogla St Mulgul Rd,23035190 [WIN_ID]; 6164308 [SITE_REF]; BBCSN28 [TEXT_REF],BBCSN28,50,396248.60,6474647.20,-31.859194496,115.903285176,GDA94
6164314,6164314,Surface (other),Sampling location,AWRC,Ellen Brook - Ellenbrook Bridge,Ellenbrook Bridge,23041032 [WIN_ID]; 6164314 [SITE_REF]; SWN9 [TEXT_REF],SWN9,50,405701.00,6482467.00,-31.789476810,116.003946920,GDA94
6164340,6164340,Surface (other),Sampling location,AWRC,Wharf Street Wetland - Unnamed,Unnamed,23042135 [WIN_ID]; 6164340 [SITE_REF]; WHSED1 [TEXT_REF],WHSED1,50,398906.90,6457017.20,-32.018461993,115.929538918,GDA94
6164349,6164349,Surface (other),Sampling location,AWRC,Bannister Creek - USHybanthus Rd,USHybanthus Rd,23042221 [WIN_ID]; 6164349 [SITE_REF]; BANN01 [TEXT_REF],BANN01,50,397982.39,6454647.95,-32.039750000,115.919500000,GDA94
6164375,6164375,Surface (other),Sampling location,AWRC,Claise Brook Md - Fountain Lake Bridge,Fountain Lake Bridge,23042358 [WIN_ID]; 6164375 [SITE_REF]; CB13 [TEXT_REF],CB13,50,393862.00,6464272.00,-31.952560950,115.876925330,GDA94
6164391,6164391,Surface (other),Sampling location,AWRC,Canning River - Ks7,Ks7,23042459 [WIN_ID]; 6164391 [SITE_REF]; KS7 [TEXT_REF],KS7,50,399454.74,6456311.96,-32.024872236,115.935265480,GDA94
6164393,6164393,Surface (other),Sampling location,AWRC,Canning River - Ks9,Ks9,23042461 [WIN_ID]; 6164393 [SITE_REF]; KS9 [TEXT_REF],KS9,50,400352.62,6455738.29,-32.030126342,115.944712951,GDA94
6164394,6164394,Surface (other),Sampling location,AWRC,Swan River Caversham - Oxy Downstream,Oxy Downstream,23042862 [WIN_ID]; 6164394 [SITE_REF],,50,404594.00,6472317.00,-31.880944370,115.991259920,GDA94
6164398,6164398,Surface (other),Sampling location,AWRC,Tibbraden Estate - Hay Rd,Hay Rd,23043700 [WIN_ID]; 6164398 [SITE_REF]; BSMP31 [TEXT_REF],BSMP31,50,400692.00,6467325.00,-31.925640343,115.949497965,GDA94
6164399,6164399,Surface (other),Sampling location,AWRC,Central Belmont Main Drain Catchment - Centenary Lake,Centenary Lake,23043701 [WIN_ID]; 6164399 [SITE_REF]; BSMP32 [TEXT_REF],BSMP32,50,398790.00,6465155.00,-31.945046490,115.929154238,GDA94
6164462,6164462,Surface (other),Sampling location,AWRC,South Belmont Main Drain - Unnamed,Unnamed,23043339 [WIN_ID]; 6164462 [SITE_REF]; SWS13 [TEXT_REF],SWS13,50,397903.80,6464704.50,-31.949030721,115.919731725,GDA94
6164482,6164482,Surface (other),Sampling location,AWRC,Bannister Creek - Upstream Metcalf Rd,Upstream Metcalf Rd,23043425 [WIN_ID]; 6164482 [SITE_REF]; BANN02 [TEXT_REF],BANN02,50,398294.92,6454556.84,-32.040600000,115.922800000,GDA94
6164483,6164483,Surface (other),Sampling location,AWRC,Bickley Brook - Living Stream Inlet,Living Stream Inlet,23043426 [WIN_ID]; 6164483 [SITE_REF]; BICKBK01A [TEXT_REF],BICKBK01A,50,402424.61,6454231.36,-32.043900000,115.966500000,GDA94
6164500,6164500,Surface (other),Sampling location,AWRC,Anvil Way Compensating Basin - Sediment Site 1,Sediment Site 1,23043838 [WIN_ID]; 6164500 [SITE_REF]; ANVSED1 [TEXT_REF],ANVSED1,50,399537.10,6460101.30,-31.990698788,115.936532274,GDA94
6164510,6164510,Surface (other),Sampling location,AWRC,Emu Swamp Drain - Private,Private,23043854 [WIN_ID]; 6164510 [SITE_REF]; BBCSN36 [TEXT_REF],BBCSN36,50,398434.00,6474470.00,-31.860990012,115.926364141,GDA94
6164511,6164511,Surface (other),Sampling location,AWRC,Emu Swamp Drain - Private,Private,23043855 [WIN_ID]; 6164511 [SITE_REF]; BBCSN37 [TEXT_REF],BBCSN37,50,399685.00,6474430.00,-31.861461775,115.939582158,GDA94
6164518,6164518,Surface (other),Sampling location,AWRC,South Perth Drainage - Unnamed,Unnamed,23044115 [WIN_ID]; 6164518 [SITE_REF]; SJMPLO [TEXT_REF]; SP1 [TEXT2],SJMPLO,50,393311.00,6462146.00,-31.971686008,115.870861344,GDA94
6164520,6164520,Surface (other),Sampling location,AWRC,Upper Swan Wandoo Creek - Wandoo Creek,Wandoo Creek,23044117 [WIN_ID]; 6164520 [SITE_REF]; WNDCK [TEXT_REF],WNDCK,50,404655.00,6475967.00,-31.848024277,115.992263118,GDA94
6164523,6164523,Surface (other),Sampling location,AWRC,Bullcreek Drainage - Kalangedy Dr,Kalangedy Dr,23044120 [WIN_ID]; 6164523 [SITE_REF]; BAMDKD [TEXT_REF],BAMDKD,50,394599.00,6455139.00,-32.035010310,115.883724940,GDA94
6164536,6164536,Surface (other),Sampling location,AWRC,Kadina Brook - At Sadler Drive,At Sadler Drive,23044365 [WIN_ID]; 6164536 [SITE_REF]; KADINABK [TEXT_REF],KADINABK,50,408568.90,6466150.14,-31.936900000,116.032700000,GDA94
6164537,6164537,Surface (other),Sampling location,AWRC,Upper Piesse Brook - At Lawnbrook Rd,At Lawnbrook Rd,23044366 [WIN_ID]; 6164537 [SITE_REF]; PIESSEBKU [TEXT_REF],PIESSEBKU,50,415046.70,6459044.67,-32.001500000,116.100600000,GDA94
6164559,6164559,Surface (other),Sampling location,AWRC,Sir James Mitchell Park Artl Lake - Douglas Rd Outlet,Douglas Rd Outlet,23044960 [WIN_ID]; 6164559 [SITE_REF]; SP2 [TEXT_REF],SP2,50,393148.00,6461943.00,-31.973501730,115.869114075,GDA94
6164560,6164560,Surface (other),Sampling location,AWRC,Sir James Mitchell Park Artl Lake - Lake Tondout Outlet,Lake Tondout Outlet,23044961 [WIN_ID]; 6164560 [SITE_REF]; SP3 [TEXT_REF],SP3,50,392915.00,6461639.00,-31.976221841,115.866614791,GDA94
6164561,6164561,Surface (other),Sampling location,AWRC,Neil Mcdougall Park Lake - Clydesdale St Inlet,Clydesdale St Inlet,23044962 [WIN_ID]; 6164561 [SITE_REF]; SP4 [TEXT_REF],SP4,50,392523.00,6458229.00,-32.006943069,115.862086835,GDA94
6164562,6164562,Surface (other),Sampling location,AWRC,Neil Mcdougall Park Lake - Bickley Cres Inlet,Bickley Cres Inlet,23044963 [WIN_ID]; 6164562 [SITE_REF]; SP5 [TEXT_REF],SP5,50,392676.00,6458163.00,-32.007552909,115.863699105,GDA94
6164563,6164563,Surface (other),Sampling location,AWRC,Manning Main Drain - Goss Ave Outlet,Goss Ave Outlet,23044964 [WIN_ID]; 6164563 [SITE_REF]; SP6 [TEXT_REF],SP6,50,393693.00,6457802.00,-32.010905132,115.874425083,GDA94
6164564,6164564,Surface (other),Sampling location,AWRC,Collier Pines MD - Golf Course Lake Out,Golf Course Lake Out,23044965 [WIN_ID]; 6164564 [SITE_REF]; SP8 [TEXT_REF],SP8,50,394070.00,6458627.00,-32.003498928,115.878506710,GDA94
6164565,6164565,Surface (other),Sampling location,AWRC,Collier Pines MD - Lake Gillon Outlet,Lake Gillon Outlet,23044966 [WIN_ID]; 6164565 [SITE_REF]; SP9 [TEXT_REF],SP9,50,394257.00,6457735.00,-32.011562319,115.880388369,GDA94
6164566,6164566,Surface (other),Sampling location,AWRC,Collier Pines MD - Md Out at Fairveiw,Md Out at Fairveiw,23044967 [WIN_ID]; 6164566 [SITE_REF]; SP11 [TEXT_REF],SP11,50,394366.00,6456961.00,-32.018554032,115.881457465,GDA94
6164567,6164567,Surface (other),Sampling location,AWRC,Doneraile Lake - Outlet,Outlet,23044968 [WIN_ID]; 6164567 [SITE_REF]; SP12 [TEXT_REF],SP12,50,394949.00,6457260.00,-32.015911314,115.887662351,GDA94
6164568,6164568,Surface (other),Sampling location,AWRC,Canning River - Deep Hole,Deep Hole,23044975 [WIN_ID]; 6164568 [SITE_REF]; PAC [TEXT_REF],PAC,50,400496.99,6455513.50,-32.032166710,115.946218420,GDA94
6164569,6164569,Surface (other),Sampling location,AWRC,Bennett Brook Catchment - Plume Park Inlet NW,Plume Park Inlet NW,23045054 [WIN_ID]; 6164569 [SITE_REF]; BBCSN38 [TEXT_REF],BBCSN38,50,399770.00,6474572.00,-31.860188358,115.940495203,GDA94
6164570,6164570,Surface (other),Sampling location,AWRC,Bennett Brook Catchment - Fountain Lake NW,Fountain Lake NW,23045055 [WIN_ID]; 6164570 [SITE_REF]; BBCSN39 [TEXT_REF],BBCSN39,50,400461.00,6474832.00,-31.857903669,115.947825164,GDA94
6164571,6164571,Surface (other),Sampling location,AWRC,Bennett Brook Catchment - Fountain Lake SW,Fountain Lake SW,23045056 [WIN_ID]; 6164571 [SITE_REF]; BBCSN40 [TEXT_REF],BBCSN40,50,400445.61,6474801.74,-31.858175283,115.947659407,GDA94
6164573,6164573,Surface (other),Sampling location,AWRC,Bannister Creek - Hughes St Main D Out,Hughes St Main D Out,23045263 [WIN_ID]; 6164573 [SITE_REF]; BCHSMD [TEXT_REF],BCHSMD,50,399003.69,6451813.59,-32.065408120,115.930017760,GDA94
6164574,6164574,Surface (other),Sampling location,AWRC,Bannister Creek - Wittenberg D Inlet 1,Wittenberg D Inlet 1,23045264 [WIN_ID]; 6164574 [SITE_REF]; BCWDB1 [TEXT_REF],BCWDB1,50,398522.13,6451654.50,-32.066800000,115.924900000,GDA94
6164575,6164575,Surface (other),Sampling location,AWRC,Bannister Creek - Wittenberg D Inlet 2,Wittenberg D Inlet 2,23045265 [WIN_ID]; 6164575 [SITE_REF]; BCWDB2 [TEXT_REF],BCWDB2,50,398578.11,6451721.57,-32.066200000,115.925500000,GDA94
6164576,6164576,Surface (other),Sampling location,AWRC,Bannister Creek - Drain At Corner,Drain At Corner,23045266 [WIN_ID]; 6164576 [SITE_REF]; BCNRD [TEXT_REF],BCNRD,50,397967.34,6449685.29,-32.084512420,115.918814120,GDA94
6164582,6164582,Surface (other),Sampling location,AWRC,Bannister Creek - Baile Rd Basin Inlet,Baile Rd Basin Inlet,23045485 [WIN_ID]; 6164582 [SITE_REF]; BCBRB2 [TEXT_REF],BCBRB2,50,397969.63,6451935.94,-32.064211551,115.919077294,GDA94
6164583,6164583,Surface (other),Sampling location,AWRC,Bannister Creek - Bottom Of Catchment,Bottom Of Catchment,23045486 [WIN_ID]; 6164583 [SITE_REF]; BCAR [TEXT_REF],BCAR,50,397212.34,6455332.24,-32.033507878,115.911418446,GDA94
6164597,6164597,Surface (other),Sampling location,AWRC,Canning River - Masons Landing,Masons Landing,23045678 [WIN_ID]; 6164597 [SITE_REF]; MASD50 [TEXT_REF],MASD50,50,399670.14,6456225.30,-32.025673057,115.937537121,GDA94
6164605,6164605,Surface (other),Sampling location,AWRC,Anvil Way Compensating Basin - Macrophyte Site 1,Macrophyte Site 1,23046215 [WIN_ID]; 6164605 [SITE_REF]; ANVMAC1 [TEXT_REF],ANVMAC1,50,399542.02,6460084.57,-31.990850134,115.936582606,GDA94
6164606,6164606,Surface (other),Sampling location,AWRC,Anvil Way Compensating Basin - Macrophyte Site 2,Macrophyte Site 2,23046216 [WIN_ID]; 6164606 [SITE_REF]; ANVMAC2 [TEXT_REF],ANVMAC2,50,399520.86,6460056.08,-31.991105244,115.936355680,GDA94
6164607,6164607,Surface (other),Sampling location,AWRC,Anvil Way Compensating Basin - Macrophyte Site 3,Macrophyte Site 3,23046217 [WIN_ID]; 6164607 [SITE_REF]; ANVMAC3 [TEXT_REF],ANVMAC3,50,399530.96,6459988.24,-31.991718075,115.936455518,GDA94
6164608,6164608,Surface (other),Sampling location,AWRC,Anvil Way Compensating Basin - Macrophyte Site 4,Macrophyte Site 4,23046218 [WIN_ID]; 6164608 [SITE_REF]; ANVMAC4 [TEXT_REF],ANVMAC4,50,399487.93,6459948.92,-31.992068933,115.935995983,GDA94
6164619,6164619,Surface (other),Sampling location,AWRC,Liege Street Wetland - Sumpland 15 Sediment,Sumpland 15 Sediment,23047701 [WIN_ID]; 6164619 [SITE_REF]; LIESED1 [TEXT_REF],LIESED1,50,399399.24,6456648.24,-32.021833983,115.934712952,GDA94
6164620,6164620,Surface (other),Sampling location,AWRC,Liege Street Wetland - Sumpland 3 Sediment,Sumpland 3 Sediment,23047702 [WIN_ID]; 6164620 [SITE_REF]; LIESED2 [TEXT_REF],LIESED2,50,399491.46,6456584.70,-32.022415326,115.935682722,GDA94
6164621,6164621,Surface (other),Sampling location,AWRC,Liege Street Wetland - Sumpland 10 Sediment,Sumpland 10 Sediment,23047703 [WIN_ID]; 6164621 [SITE_REF]; LIESED3 [TEXT_REF],LIESED3,50,399474.49,6456555.87,-32.022673871,115.935500040,GDA94
6164622,6164622,Surface (other),Sampling location,AWRC,Liege Street Wetland - Sumpland 4 Sediment,Sumpland 4 Sediment,23047704 [WIN_ID]; 6164622 [SITE_REF]; LIESED4 [TEXT_REF],LIESED4,50,399564.12,6456495.51,-32.023226294,115.936442732,GDA94
6164625,6164625,Surface (other),Sampling location,AWRC,Bayswater MD Weld Square - Fitzgerald Rd Inlet,Fitzgerald Rd Inlet,23049775 [WIN_ID]; 6164625 [SITE_REF]; WELDSQUARE 1 [TEXT_REF],WELDSQUARE 1,50,396934.50,6471313.60,-31.889327060,115.910180500,GDA94
6164626,6164626,Surface (other),Sampling location,AWRC,Bayswater MD Weld Square - Clarke Rd Outlet,Clarke Rd Outlet,23049776 [WIN_ID]; 6164626 [SITE_REF]; WELDSQUARE 2 [TEXT_REF],WELDSQUARE 2,50,397055.10,6471261.80,-31.889805244,115.911450039,GDA94
6164630,6164630,Surface (other),Sampling location,AWRC,Swan Coastal Catchment - Sues Spring Area,Sues Spring Area,23049821 [WIN_ID]; 6164630 [SITE_REF],,50,402467.00,6498465.00,-31.644891002,115.971386579,GDA94
6164631,6164631,Surface (other),Sampling location,AWRC,Swan Coastal Catchment - Spring Area,Spring Area,23049822 [WIN_ID]; 6164631 [SITE_REF],,50,402980.00,6498939.00,-31.640658584,115.976842930,GDA94
6164640,6164640,Surface (other),Sampling location,AWRC,Lakes And Wetlands - Melaleuca Park Area,Melaleuca Park Area,23049831 [WIN_ID]; 6164640 [SITE_REF],,50,401752.00,6491889.00,-31.704150767,115.963188048,GDA94
6164642,6164642,Surface (other),Sampling location,AWRC,Lakes And Wetlands - Lake Bambun Area,Lake Bambun Area,23049833 [WIN_ID]; 6164642 [SITE_REF],,50,394180.00,6522810.00,-31.424546485,115.886612172,GDA94
6164645,6164645,Surface (other),Sampling location,AWRC,Lakes And Wetlands - Lake Forrestdale,Lake Forrestdale,23049836 [WIN_ID]; 6164645 [SITE_REF],,50,399936.00,6441927.00,-32.154669207,115.938862363,GDA94
6164648,6164648,Surface (other),Sampling location,AWRC,Swan River Caversham - Oxy Upstream 2,Oxy Upstream 2,23050605 [WIN_ID]; 6164648 [SITE_REF],,50,404738.53,6472678.41,-31.877696360,115.992823330,GDA94
6164651,6164651,Surface (other),Sampling location,AWRC,Bannister Creek - Baile West Basin Out,Baile West Basin Out,23056699 [WIN_ID]; 6164651 [SITE_REF]; BAILE [TEXT_REF],BAILE,50,396378.84,6451964.40,-32.063809994,115.902229960,GDA94
6164652,6164652,Surface (other),Sampling location,AWRC,Bannister Creek - Hurley St Drain,Hurley St Drain,23056700 [WIN_ID]; 6164652 [SITE_REF]; HURLEY [TEXT_REF],HURLEY,50,396978.15,6452505.40,-32.058984960,115.908636052,GDA94
6164654,6164654,Surface (other),Sampling location,AWRC,Bannister Creek - Vinniecombe Basin,Vinniecombe Basin,23056702 [WIN_ID]; 6164654 [SITE_REF]; VINNICOMBE [TEXT_REF],VINNICOMBE,50,397591.68,6452500.38,-32.059086033,115.915133959,GDA94
6164656,6164656,Surface (other),Sampling location,AWRC,Maylands Peninsula - Brickworks1,Brickworks1,23057044 [WIN_ID]; 6164656 [SITE_REF]; BRICKWORKS1 [TEXT_REF],BRICKWORKS1,50,396466.33,6465485.64,-31.941854362,115.904607986,GDA94
6164657,6164657,Surface (other),Sampling location,AWRC,Maylands Peninsula - Bungana2,Bungana2,23057045 [WIN_ID]; 6164657 [SITE_REF]; BUNGANA2 [TEXT_REF],BUNGANA2,50,396545.38,6465331.75,-31.943249697,115.905427753,GDA94
6164658,6164658,Surface (other),Sampling location,AWRC,Maylands Peninsula - Bungana3,Bungana3,23057046 [WIN_ID]; 6164658 [SITE_REF]; BUNGANA3 [TEXT_REF],BUNGANA3,50,396672.22,6465162.52,-31.944787752,115.906751463,GDA94
6164659,6164659,Surface (other),Sampling location,AWRC,Maylands Peninsula - Bungana4,Bungana4,23057047 [WIN_ID]; 6164659 [SITE_REF]; BUNGANA4 [TEXT_REF],BUNGANA4,50,396503.23,6465013.86,-31.946113297,115.904947856,GDA94
6164660,6164660,Surface (other),Sampling location,AWRC,Maylands Peninsula - Brearley1,Brearley1,23057048 [WIN_ID]; 6164660 [SITE_REF]; BREARLEY1 [TEXT_REF],BREARLEY1,50,396658.24,6464989.76,-31.946344816,115.906585116,GDA94
6164661,6164661,Surface (other),Sampling location,AWRC,Maylands Peninsula - Brearley2,Brearley2,23057049 [WIN_ID]; 6164661 [SITE_REF]; BREARLEY2 [TEXT_REF],BREARLEY2,50,397058.90,6464817.57,-31.947934441,115.910805345,GDA94
6164662,6164662,Surface (other),Sampling location,AWRC,Maylands Peninsula - Brearley3,Brearley3,23057050 [WIN_ID]; 6164662 [SITE_REF]; BREARLEY3 [TEXT_REF],BREARLEY3,50,396615.37,6464737.33,-31.948617889,115.906104616,GDA94
6164667,6164667,Surface (other),Sampling location,AWRC,Maylands Peninsula - Bungana 5,Bungana 5,23058389 [WIN_ID]; 6164667 [SITE_REF]; BUNGANA5 [TEXT_REF],BUNGANA5,50,396426.80,6465361.30,-31.942972331,115.904176510,GDA94
6164668,6164668,Surface (other),Sampling location,AWRC,Maylands Peninsula - Bungana 6,Bungana 6,23058390 [WIN_ID]; 6164668 [SITE_REF]; BUNGANA6 [TEXT_REF],BUNGANA6,50,396695.40,6465116.10,-31.945208583,115.906991721,GDA94
6164669,6164669,Surface (other),Sampling location,AWRC,Maylands Peninsula - Brearley4,Brearley4,23058391 [WIN_ID]; 6164669 [SITE_REF]; BREARLEY4 [TEXT_REF],BREARLEY4,50,396874.60,6464916.50,-31.947025328,115.908866162,GDA94
6164670,6164670,Surface (other),Sampling location,AWRC,Maylands Peninsula - Brearley 5,Brearley 5,23058392 [WIN_ID]; 6164670 [SITE_REF]; BREARLEY5 [TEXT_REF],BREARLEY5,50,396855.10,6464683.70,-31.949123468,115.908635045,GDA94
6164671,6164671,Surface (other),Sampling location,AWRC,Maylands Peninsula - Brearley 6,Brearley 6,23058393 [WIN_ID]; 6164671 [SITE_REF]; BREARLEY6 [TEXT_REF],BREARLEY6,50,396804.80,6464651.40,-31.949410247,115.908099463,GDA94
6164672,6164672,Surface (other),Sampling location,AWRC,Maylands Peninsula - Brearley 7,Brearley 7,23058394 [WIN_ID]; 6164672 [SITE_REF]; BREARLEY7 [TEXT_REF],BREARLEY7,50,396681.70,6464761.70,-31.948404109,115.906808937,GDA94
6164673,6164673,Surface (other),Sampling location,AWRC,Maylands Peninsula - Brearley 8,Brearley 8,23058395 [WIN_ID]; 6164673 [SITE_REF]; BREARLEY8 [TEXT_REF],BREARLEY8,50,396573.60,6464802.20,-31.948028938,115.905669661,GDA94
6164674,6164674,Surface (other),Sampling location,AWRC,Maylands Peninsula - Tranby 1,Tranby 1,23060054 [WIN_ID]; 6164674 [SITE_REF]; TRANBY1 [TEXT_REF],TRANBY1,50,396661.00,6465443.50,-31.942252222,115.906662783,GDA94
6164675,6164675,Surface (other),Sampling location,AWRC,Maylands Peninsula - Tranby 2,Tranby 2,23060056 [WIN_ID]; 6164675 [SITE_REF]; TRANBY2 [TEXT_REF],TRANBY2,50,396766.00,6465439.00,-31.942302371,115.907773041,GDA94
6164676,6164676,Surface (other),Sampling location,AWRC,Maylands Peninsula - Brearley 9,Brearley 9,23060057 [WIN_ID]; 6164676 [SITE_REF]; BREARLEY9 [TEXT_REF],BREARLEY9,50,396978.40,6464869.70,-31.947456907,115.909959279,GDA94
6164677,6164677,Surface (other),Sampling location,AWRC,Canning River - Nicbop Us 2,Nicbop Us 2,23060198 [WIN_ID]; 6164677 [SITE_REF]; NICBOPUS2 [TEXT_REF],NICBOPUS2,50,400345.00,6455762.00,-32.029911800,115.944634720,GDA94
6164678,6164678,Surface (other),Sampling location,AWRC,Maylands Peninsula - Bungana7,Bungana7,23061750 [WIN_ID]; 6164678 [SITE_REF]; BUNGANA7 [TEXT_REF],BUNGANA7,50,396483.00,6465399.50,-31.942632890,115.904775110,GDA94
6164680,6164680,Surface (other),Sampling location,AWRC,Maylands Peninsula - Brickworks 2,Brickworks 2,23063122 [WIN_ID]; 6164680 [SITE_REF]; BRICKWORKS2 [TEXT_REF],BRICKWORKS2,50,396408.48,6465474.58,-31.941948846,115.903994841,GDA94
6164681,6164681,Surface (other),Sampling location,AWRC,Bannister Creek - Parkwood Drain,Parkwood Drain,23071959 [WIN_ID]; 6164681 [SITE_REF]; PARKWD-DR [TEXT_REF],PARKWD-DR,50,397789.24,6454711.49,-32.039159433,115.917461332,GDA94
6164682,6164682,Surface (other),Sampling location,AWRC,Bannister Creek - Melcalfe Rd Drain,Melcalfe Rd Drain,23071960 [WIN_ID]; 6164682 [SITE_REF]; METCALF-RD [TEXT_REF],METCALF-RD,50,398038.62,6454619.61,-32.040010850,115.920092442,GDA94
6164683,6164683,Surface (other),Sampling location,AWRC,South Belmont Md - Bsmp34,Bsmp34,23072265 [WIN_ID]; 6164683 [SITE_REF]; BSMP34 [TEXT_REF],BSMP34,50,398095.02,6463732.98,-31.957811260,115.921652331,GDA94
6164685,6164685,Surface (other),Sampling location,AWRC,Canning River - Nicbop Ds2,Nicbop Ds2,23073565 [WIN_ID]; 6164685 [SITE_REF]; NICBOPDS2 [TEXT_REF],NICBOPDS2,50,399419.00,6456346.00,-32.024562011,115.934890617,GDA94
6164686,6164686,Surface (other),Sampling location,AWRC,Bayswater Main Drain - Bunnings Wetland,Bunnings Wetland,23082843 [WIN_ID]; 6164686 [SITE_REF]; BWMD28 [TEXT_REF],BWMD28,50,395581.40,6470251.20,-31.898786749,115.895760629,GDA94
6164687,6164687,Surface (other),Sampling location,AWRC,Bayswater Main Drain - Bunnings Wetland,Bunnings Wetland,23082844 [WIN_ID]; 6164687 [SITE_REF]; BWMD29 [TEXT_REF],BWMD29,50,395645.40,6470197.20,-31.899279722,115.896431517,GDA94
6164688,6164688,Surface (other),Sampling location,AWRC,Bayswater Main Drain - Bunnings Wetland,Bunnings Wetland,23082845 [WIN_ID]; 6164688 [SITE_REF]; BWMD30 [TEXT_REF],BWMD30,50,395691.30,6470259.70,-31.898720168,115.896923565,GDA94
6164689,6164689,Surface (other),Sampling location,AWRC,Bayswater Main Drain - Drain Outlet,Drain Outlet,23082846 [WIN_ID]; 6164689 [SITE_REF]; BWMD31 [TEXT_REF],BWMD31,50,394046.40,6470212.50,-31.898993769,115.879526224,GDA94
6164690,6164690,Surface (other),Sampling location,AWRC,South Belmont Md - Ballantyne Rd (Bell St Bas,Ballantyne Rd (Bell,23087037 [WIN_ID]; 6164690 [SITE_REF]; BSMP36 [TEXT_REF],BSMP36,50,399715.80,6460587.40,-31.986329870,115.938474158,GDA94
6164691,6164691,Surface (other),Sampling location,AWRC,Airport South Md - Bsmp35,Bsmp35,23087206 [WIN_ID]; 6164691 [SITE_REF]; BSMP35 [TEXT_REF],BSMP35,50,399845.40,6466858.10,-31.929777586,115.940495448,GDA94
6164692,6164692,Surface (other),Sampling location,AWRC,Maylands Peninsula - Brickworks 3,Brickworks 3,23088002 [WIN_ID]; 6164692 [SITE_REF]; BRICKWORKS3 [TEXT_REF],BRICKWORKS3,50,396437.79,6465535.60,-31.941401106,115.904311426,GDA94
6164693,6164693,Surface (other),Sampling location,AWRC,Maylands Peninsula - Brickworks 4,Brickworks 4,23088003 [WIN_ID]; 6164693 [SITE_REF]; BRICKWORKS4 [TEXT_REF],BRICKWORKS4,50,396448.96,6465446.09,-31.942209527,115.904420006,GDA94
6164697,6164697,Surface (other),Sampling location,AWRC,Bayswater Main Drain - Sediment Basin Inlet,Sediment Basin Inlet,23075823 [WIN_ID]; 6164697 [SITE_REF]; ESWIN [TEXT_REF],ESWIN,50,398091.17,6467198.13,-31.926554280,115.921976569,GDA94
6164698,6164698,Surface (other),Sampling location,AWRC,Bayswater Main Drain - Wetland Outlet,Wetland Outlet,23075824 [WIN_ID]; 6164698 [SITE_REF]; ESWOUT [TEXT_REF],ESWOUT,50,398086.33,6467117.71,-31.927279260,115.921916912,GDA94
6164699,6164699,Surface (other),Sampling location,AWRC,Bayswater Main Drain - Slade Street Inlet,Slade Street Inlet,23075825 [WIN_ID]; 6164699 [SITE_REF]; ESWSSIN [TEXT_REF],ESWSSIN,50,398118.42,6467243.38,-31.926148557,115.922269545,GDA94
6164700,6164700,Surface (other),Sampling location,AWRC,Perth Airport South Main Drain - Kanav,Kanav,23082892 [WIN_ID]; 6164700 [SITE_REF]; KANAV [TEXT_REF],KANAV,50,399886.00,6466698.00,-31.931225330,115.940908320,GDA94
6164701,6164701,Surface (other),Sampling location,AWRC,Convention Centre Drain Mounts Bay Road - Ccdrmbrd,Ccdrmbrd,23082956 [WIN_ID]; 6164701 [SITE_REF]; CCDRMBRD [TEXT_REF],CCDRMBRD,50,391439.00,6463913.00,-31.955569820,115.851250970,GDA94
6164702,6164702,Surface (other),Sampling location,AWRC,Lakes And Wetlands - Edgecombe Spring Area,Edgecombe Spring Are,23086149 [WIN_ID]; 6164702 [SITE_REF],,50,404893.00,6481948.00,-31.794091518,115.995362724,GDA94
6164703,6164703,Surface (other),Sampling location,AWRC,Bayswater Main Drain - Secondary Outlet (Overflow,Secondary Outlet (Ov,23087785 [WIN_ID]; 6164703 [SITE_REF]; ESWOVER [TEXT_REF],ESWOVER,50,398218.60,6467000.79,-31.928345781,115.923303614,GDA94
6165324,6165324,Surface (other),Sampling location,AWRC,BullCreek Catchment - Brentwood Drain,Brentwood Drain,23049868 [WIN_ID]; 6165324 [SITE_REF]; MELDR13 [TEXT_REF],MELDR13,50,392126.59,6453865.28,-32.046266010,115.857401970,GDA94
6165325,6165325,Surface (other),Sampling location,AWRC,BullCreek Catchment - Raaf Drain,Raaf Drain,23049869 [WIN_ID]; 6165325 [SITE_REF]; MELDR14 [TEXT_REF],MELDR14,50,392195.00,6453841.00,-32.046491541,115.858123731,GDA94
6165326,6165326,Surface (other),Sampling location,AWRC,Wharf Street Wetland - Whsed4,Whsed4,23052736 [WIN_ID]; 6165326 [SITE_REF]; WHSED4 [TEXT_REF],WHSED4,50,398605.24,6456829.42,-32.020128810,115.926325410,GDA94
6165331,6165331,Surface (other),Sampling location,AWRC,BullCreek Catchment - Meldr15,Meldr15,23057041 [WIN_ID]; 6165331 [SITE_REF]; MELDR15 [TEXT_REF],MELDR15,50,392256.48,6452699.35,-32.056795024,115.858646991,GDA94
6165332,6165332,Surface (other),Sampling location,AWRC,BullCreek Catchment - Meldr16,Meldr16,23057042 [WIN_ID]; 6165332 [SITE_REF]; MELDR16 [TEXT_REF],MELDR16,50,393327.76,6452478.47,-32.058889026,115.869968923,GDA94
6165333,6165333,Surface (other),Sampling location,AWRC,South Perth Catchment - CYGNIA WETLAND INLET,CYGNIA WETLAND INLET,23072115 [WIN_ID]; 6165333 [SITE_REF]; CYG01 [TEXT_REF],CYG01,50,395803.35,6457388.34,-32.014832677,115.896721108,GDA94
6165334,6165334,Surface (other),Sampling location,AWRC,South Perth Catchment - CYGNIA WETLAND CHANNEL,CYGNIA WETLAND CHANN,23072116 [WIN_ID]; 6165334 [SITE_REF]; CYG02 [TEXT_REF],CYG02,50,395688.99,6457217.29,-32.016365029,115.895491899,GDA94
6165335,6165335,Surface (other),Sampling location,AWRC,South Perth Catchment - CYGNIA WETLAND OUTLET,CYGNIA WETLAND OUTLE,23072117 [WIN_ID]; 6165335 [SITE_REF]; CYG03 [TEXT_REF],CYG03,50,395682.91,6457129.24,-32.017158689,115.895418001,GDA94
6165336,6165336,Surface (other),Sampling location,AWRC,South Perth Catchment - CYGNIA COVE COMP BASIN,CYGNIA COVE COMP BAS,23072118 [WIN_ID]; 6165336 [SITE_REF]; CYG04 [TEXT_REF],CYG04,50,395958.34,6457064.28,-32.017769999,115.898326972,GDA94
6165338,6165338,Surface (other),Sampling location,AWRC,Maylands Peninsula - Bungana 9,Bungana 9,23077971 [WIN_ID]; 6165338 [SITE_REF]; BUNGANA9 [TEXT_REF],BUNGANA9,50,396462.85,6465218.60,-31.944262809,115.904542594,GDA94
6165342,6165342,Surface (other),Sampling location,AWRC,Maylands Peninsula - Brearley 11,Brearley 11,23077975 [WIN_ID]; 6165342 [SITE_REF]; BREARLEY11 [TEXT_REF],BREARLEY11,50,396637.92,6464815.87,-31.947911494,115.906351570,GDA94
6167047,6167047,Surface (other),Sampling location,AWRC,Chapman St Drain - Yellard Wy,Yellard Wy,23047312 [WIN_ID]; 6167047 [SITE_REF]; BASS14 [TEXT_REF],BASS14,50,399688.97,6469296.21,-31.907771100,115.939093360,GDA94
6167048,6167048,Surface (other),Sampling location,AWRC,Chapman St Drain - May Holman Dve,May Holman Dve,23047313 [WIN_ID]; 6167048 [SITE_REF]; BASS15 [TEXT_REF],BASS15,50,399735.58,6469395.49,-31.906879670,115.939596510,GDA94
6167049,6167049,Surface (other),Sampling location,AWRC,Chapman St Drain - Mcdonald Cres,Mcdonald Cres,23047314 [WIN_ID]; 6167049 [SITE_REF]; BASS16 [TEXT_REF],BASS16,50,399834.46,6469334.82,-31.907435660,115.940635850,GDA94
6167050,6167050,Surface (other),Sampling location,AWRC,Chapman St Drain - Holman Dve,Holman Dve,23047315 [WIN_ID]; 6167050 [SITE_REF]; BASS17 [TEXT_REF],BASS17,50,399680.15,6469156.90,-31.909026950,115.938985670,GDA94
6167055,6167055,Surface (other),Sampling location,AWRC,Bennett Brook Catchment - Emu Swamp Drain,Emu Swamp Drain,23047373 [WIN_ID]; 6167055 [SITE_REF]; BBCSN42 [TEXT_REF],BBCSN42,50,400192.70,6474929.60,-31.856999778,115.944999541,GDA94
6167056,6167056,Surface (other),Sampling location,AWRC,Bennett Brook Catchment - Widgee Rd Drain,Widgee Rd Drain,23047374 [WIN_ID]; 6167056 [SITE_REF]; BBCSN43 [TEXT_REF],BBCSN43,50,394590.50,6473451.50,-31.869827723,115.885631101,GDA94
6167074,6167074,Surface (other),Sampling location,AWRC,BullCreek Catchment - Marjorie Ave,Marjorie Ave,23052687 [WIN_ID]; 6167074 [SITE_REF]; CORINTHRD [TEXT_REF],CORINTHRD,50,395726.00,6455299.00,-32.033671603,115.895676122,GDA94
6167075,6167075,Surface (other),Sampling location,AWRC,BullCreek Catchment - Pendwick Park Outlet,Pendwick Park Outlet,23052688 [WIN_ID]; 6167075 [SITE_REF]; PRENDWICK [TEXT_REF],PRENDWICK,50,395504.00,6453371.00,-32.051041791,115.893116111,GDA94
6167076,6167076,Surface (other),Sampling location,AWRC,BullCreek Catchment - Burrendah Park Out,Burrendah Park Out,23052689 [WIN_ID]; 6167076 [SITE_REF]; BURNDAHPK [TEXT_REF],BURNDAHPK,50,394601.00,6453028.00,-32.054051784,115.883514974,GDA94
6167077,6167077,Surface (other),Sampling location,AWRC,BullCreek Catchment - US Willeton Reserve,US Willeton Reserve,23052690 [WIN_ID]; 6167077 [SITE_REF]; WILLRESUS [TEXT_REF],WILLRESUS,50,394152.00,6454025.00,-32.045016855,115.878869182,GDA94
6167078,6167078,Surface (other),Sampling location,AWRC,BullCreek Catchment - DS Willeton Reserve,DS Willeton Reserve,23052691 [WIN_ID]; 6167078 [SITE_REF]; WILLRESDS [TEXT_REF],WILLRESDS,50,394668.00,6454210.00,-32.043396359,115.884353953,GDA94
6167079,6167079,Surface (other),Sampling location,AWRC,BullCreek Catchment - Roxby Lane Comp,Roxby Lane Comp,23052692 [WIN_ID]; 6167079 [SITE_REF]; ROXBYCB [TEXT_REF],ROXBYCB,50,394656.00,6454615.00,-32.039742125,115.884271188,GDA94
6167080,6167080,Surface (other),Sampling location,AWRC,BullCreek Catchment - Rossmoyne Tafe Drain,Rossmoyne Tafe Drain,23052693 [WIN_ID]; 6167080 [SITE_REF]; ROSSTAFE [TEXT_REF],ROSSTAFE,50,393353.00,6453788.00,-32.047079476,115.870381403,GDA94
6167081,6167081,Surface (other),Sampling location,AWRC,Ascot Stables Drain - Ascot Inn,Ascot Inn,23054852 [WIN_ID]; 6167081 [SITE_REF]; BSMP33 [TEXT_REF],BSMP33,50,398867.30,6466565.20,-31.932332920,115.930119370,GDA94
6167093,6167093,Surface (other),Sampling location,AWRC,Chapman St Drain - Yelland Way Drn,Yelland Way Drn,23062472 [WIN_ID]; 6167093 [SITE_REF]; BASS18 [TEXT_REF],BASS18,50,399688.00,6469301.00,-31.907727809,115.939083597,GDA94
6167094,6167094,Surface (other),Sampling location,AWRC,Chapman St Drain - Mcdonald Cres,Mcdonald Cres,23062473 [WIN_ID]; 6167094 [SITE_REF]; BASS19 [TEXT_REF],BASS19,50,399908.00,6469400.00,-31.906854192,115.941420238,GDA94
6167095,6167095,Surface (other),Sampling location,AWRC,Chapman St Drain - Nth Inlet Comp Basin,Nth Inlet Comp Basin,23062474 [WIN_ID]; 6167095 [SITE_REF]; BASS20 [TEXT_REF],BASS20,50,399256.00,6469113.00,-31.909385416,115.934495824,GDA94
6167096,6167096,Surface (other),Sampling location,AWRC,Chapman St Drain - W Inlet Comp Basin,W Inlet Comp Basin,23062475 [WIN_ID]; 6167096 [SITE_REF]; BASS21 [TEXT_REF],BASS21,50,399247.00,6469110.00,-31.909411679,115.934400339,GDA94
6167097,6167097,Surface (other),Sampling location,AWRC,Chapman St Drain - Sth Inlet Comp Basin,Sth Inlet Comp Basin,23062476 [WIN_ID]; 6167097 [SITE_REF]; BASS22 [TEXT_REF],BASS22,50,399252.00,6469105.00,-31.909457224,115.934452693,GDA94
6167098,6167098,Surface (other),Sampling location,AWRC,Bindaring Ck-Upper Swan - Hyland St Culvert,Hyland St Culvert,23062477 [WIN_ID]; 6167098 [SITE_REF]; BASS23 [TEXT_REF],BASS23,50,401304.00,6469040.00,-31.910223675,115.956145655,GDA94
6167099,6167099,Surface (other),Sampling location,AWRC,Bindaring Ck-Upper Swan - Lovelock St Bridge,Lovelock St Bridge,23062478 [WIN_ID]; 6167099 [SITE_REF]; BASS24 [TEXT_REF],BASS24,50,401262.00,6469167.00,-31.909074430,115.955714447,GDA94
6167102,6167102,Surface (other),Sampling location,AWRC,Ellenbrook - Breera Brook,Breera Brook,6167102 [SITE_REF]; EBN30 [TEXT_REF],EBN30,50,397940.35,6520557.37,-31.445205130,115.925939100,GDA94
6167103,6167103,Surface (other),Sampling location,AWRC,Collier Pines MD - Collier Park Ent Lake NE Inlet,Ent Lake NE Inlet,6167103 [SITE_REF]; SP14 [TEXT_REF],SP14,50,394630.24,6459202.39,-31.998361110,115.884500000,GDA94
6167104,6167104,Surface (other),Sampling location,AWRC,Collier Pines MD - Collier Park Ent Lake NW Inlet,Ent Lake NW Inlet,6167104 [SITE_REF]; SP15 [TEXT_REF],SP15,50,394535.87,6459192.18,-31.998444450,115.883500000,GDA94
6167105,6167105,Surface (other),Sampling location,AWRC,Collier Pines MD - Collier Park Ent Lake SW Outlet,Ent Lake SW Outlet,6167105 [SITE_REF]; SP16 [TEXT_REF],SP16,50,394520.77,6459130.43,-31.999000000,115.883333300,GDA94
6167112,6167112,Surface (other),Sampling location,AWRC,Canning River - Machin Place Downstream 50m,MACD50,6167112 [SITE_REF]; MACD50 [TEXT_REF],MACD50,50,400808.41,6455357.63,-32.033600000,115.949500000,GDA94
6167113,6167113,Surface (other),Sampling location,AWRC,Canning River - Ellison Parade Downstream 50m,ELLD50,6167113 [SITE_REF]; ELLD50 [TEXT_REF],ELLD50,50,400970.66,6455181.83,-32.035200000,115.951200000,GDA94
6167114,6167114,Surface (other),Sampling location,AWRC,Downstream Meadow Street Bridge,MEAD,6167114 [SITE_REF]; MEAD [TEXT_REF],MEAD,50,402723.28,6470809.16,-31.894387346,115.971332060,GDA94
6174125,6174125,Surface (other),Sampling location,AWRC,Lennard Brook - Ellison bridge,Ellison Bridge,6174125 [SITE_REF]; GGN5 [TEXT_REF],GGN5,50,401982.00,6527676.00,-31.381336244,115.969169306,GDA94

